index,0
AAACCTGAGAGGGATA-1-3,
AAACCTGAGGCAATTA-1-3,
AAACCTGGTAAGTGGC-1-3,
AAACCTGTCCCTCTTT-1-3,
AAACGGGAGTAGCGGT-1-3,
AAACGGGCAAAGAATC-1-3,
AAACGGGGTACAGTTC-1-3,
AAACGGGGTCGGGTCT-1-3,
AAACGGGTCAAACAAG-1-3,
AAACGGGTCAGCTCTC-1-3,
AAACGGGTCCGCGCAA-1-3,
AAACGGGTCGCATGGC-1-3,
AAAGATGAGAGTACCG-1-3,
AAAGATGAGCGCCTCA-1-3,
AAAGATGAGTACACCT-1-3,
AAAGATGAGTCATGCT-1-3,
AAAGATGAGTCTTGCA-1-3,
AAAGATGAGTGAACAT-1-3,
AAAGATGCAATGTTGC-1-3,Beta
AAAGATGTCGGCTTGG-1-3,
AAAGCAAAGAACAACT-1-3,
AAAGCAAAGCTACCTA-1-3,
AAAGCAAGTGCAGTAG-1-3,
AAAGCAAGTTTGCATG-1-3,
AAAGTAGAGAGTGAGA-1-3,
AAAGTAGAGCGCCTTG-1-3,
AAAGTAGCACATGACT-1-3,
AAAGTAGGTCAGATAA-1-3,
AAATGCCAGACTAAGT-1-3,
AAATGCCCAATGGAAT-1-3,
AAATGCCCACATCTTT-1-3,
AAATGCCCACCAACCG-1-3,
AAATGCCCATGCTAGT-1-3,
AAATGCCGTGATAAGT-1-3,
AACACGTAGTAATCCC-1-3,
AACACGTCAAACGCGA-1-3,
AACACGTCAAATTGCC-1-3,
AACACGTGTCGACTGC-1-3,
AACACGTGTCGATTGT-1-3,
AACACGTGTCGGCTCA-1-3,
AACACGTGTCTTGTCC-1-3,
AACACGTGTGACTCAT-1-3,
AACACGTTCGGAATCT-1-3,
AACCATGAGAGCCTAG-1-3,
AACCATGAGTACCGGA-1-3,Epsilon
AACCATGCACAGGAGT-1-3,
AACCATGGTCAGTGGA-1-3,Beta
AACCATGGTGGGTATG-1-3,
AACCATGGTTCGGCAC-1-3,
AACCATGGTTGAACTC-1-3,
AACCATGTCGTATCAG-1-3,
AACCGCGAGGATGGTC-1-3,
AACCGCGAGGCCATAG-1-3,
AACCGCGCAGCCACCA-1-3,
AACCGCGCATGCCTAA-1-3,
AACCGCGGTTCTGGTA-1-3,
AACCGCGTCAGTGTTG-1-3,
AACCGCGTCCGCGGTA-1-3,
AACGTTGCAAGTTCTG-1-3,
AACGTTGCATGCCACG-1-3,
AACGTTGGTCTTGCGG-1-3,
AACGTTGTCAGTTAGC-1-3,
AACGTTGTCTGGTTCC-1-3,
AACTCAGAGAGCTGCA-1-3,
AACTCAGAGGTAGCCA-1-3,
AACTCAGAGTCGCCGT-1-3,
AACTCAGCATTCCTCG-1-3,
AACTCAGGTCTTGTCC-1-3,
AACTCAGGTGCCTGTG-1-3,
AACTCAGTCAGATAAG-1-3,
AACTCAGTCCCAAGAT-1-3,
AACTCAGTCCGTCAAA-1-3,
AACTCAGTCCTCGCAT-1-3,
AACTCCCAGAACTCGG-1-3,
AACTCCCAGGGAACGG-1-3,
AACTCCCAGTACGACG-1-3,
AACTCCCCAGTTCATG-1-3,
AACTCCCGTCCGAAGA-1-3,
AACTCTTAGATGGCGT-1-3,
AACTCTTAGCTAACAA-1-3,
AACTCTTAGTGAACGC-1-3,
AACTCTTCACTCGACG-1-3,
AACTCTTCATTTGCCC-1-3,
AACTGGTCAGTATCTG-1-3,
AACTGGTGTACCGTTA-1-3,Delta
AACTGGTGTCGAGTTT-1-3,
AACTGGTTCCTACAGA-1-3,
AACTGGTTCGTCCAGG-1-3,Epsilon
AACTTTCAGCCAACAG-1-3,
AACTTTCAGGCATTGG-1-3,
AACTTTCCACAGTCGC-1-3,
AACTTTCTCCAGATCA-1-3,
AAGACCTAGAAACGCC-1-3,
AAGACCTAGACCTTTG-1-3,
AAGACCTAGGTGTGGT-1-3,
AAGACCTAGTAAGTAC-1-3,
AAGACCTAGTAGGCCA-1-3,
AAGACCTCAATGGTCT-1-3,
AAGACCTCAGACTCGC-1-3,Alpha
AAGACCTGTCCAGTAT-1-3,
AAGACCTGTGGCTCCA-1-3,
AAGACCTGTGTTGAGG-1-3,
AAGCCGCAGGAGTTGC-1-3,
AAGCCGCCAATGGACG-1-3,
AAGCCGCGTTATCCGA-1-3,
AAGCCGCTCTTGCATT-1-3,
AAGGAGCAGTACATGA-1-3,
AAGGAGCCAAAGGTGC-1-3,
AAGGAGCCACCAGGTC-1-3,
AAGGAGCGTTCGTCTC-1-3,
AAGGAGCTCCCAACGG-1-3,
AAGGCAGCAGTACACT-1-3,
AAGGCAGGTCTAGCCG-1-3,
AAGGCAGTCCGAGCCA-1-3,
AAGGTTCAGATAGTCA-1-3,
AAGGTTCAGCGATTCT-1-3,
AAGGTTCAGGAGCGAG-1-3,
AAGGTTCGTCAACTGT-1-3,
AAGGTTCGTTCCACGG-1-3,
AAGTCTGAGTACGATA-1-3,
AAGTCTGAGTGAACGC-1-3,
AAGTCTGGTCTCCATC-1-3,
AAGTCTGGTGGACGAT-1-3,
AAGTCTGGTTGGGACA-1-3,
AAGTCTGTCCGAGCCA-1-3,
AATCCAGAGGGTTCCC-1-3,
AATCCAGTCAGGTTCA-1-3,
AATCCAGTCGGTCCGA-1-3,
AATCGGTAGGCATGTG-1-3,
AATCGGTAGTCTCCTC-1-3,
AATCGGTCAAACAACA-1-3,
AATCGGTCATATGGTC-1-3,
AATCGGTGTAGATTAG-1-3,
AATCGGTGTCACACGC-1-3,
AATCGGTTCCAAACTG-1-3,
AATCGGTTCGGAGGTA-1-3,
AATCGGTTCGTATCAG-1-3,
AATCGGTTCTTCGGTC-1-3,Beta
ACACCAAAGTAGGCCA-1-3,
ACACCAAGTATAATGG-1-3,
ACACCAAGTATAGGTA-1-3,
ACACCAATCCCTCAGT-1-3,
ACACCCTAGGACAGCT-1-3,
ACACCCTAGGTGCTAG-1-3,
ACACCCTAGTTGTAGA-1-3,
ACACCCTCAAGGTGTG-1-3,
ACACCCTCACGTTGGC-1-3,
ACACCCTGTCAGATAA-1-3,
ACACCCTGTCTCCACT-1-3,Epsilon
ACACCCTTCAGTGTTG-1-3,
ACACCCTTCCCAGGTG-1-3,
ACACCCTTCGTGGTCG-1-3,
ACACCGGAGAAACCAT-1-3,
ACACCGGCAGCGTCCA-1-3,
ACACCGGTCATGTCTT-1-3,
ACACTGAAGGGTTCCC-1-3,
ACACTGAGTACGACCC-1-3,
ACACTGAGTCCATGAT-1-3,
ACACTGATCCGTCAAA-1-3,
ACAGCCGAGAGAACAG-1-3,
ACAGCCGAGAGGTACC-1-3,
ACAGCCGAGCCAACAG-1-3,
ACAGCCGCAAGTACCT-1-3,
ACAGCCGTCTGGAGCC-1-3,
ACAGCTAAGTCGTTTG-1-3,
ACAGCTATCAAGGCTT-1-3,Alpha
ACAGCTATCGAGCCCA-1-3,
ACAGCTATCTTTACGT-1-3,
ACATACGAGCTATGCT-1-3,
ACATACGAGTAGGCCA-1-3,
ACATACGCACTTCTGC-1-3,
ACATACGGTAAACACA-1-3,
ACATACGGTCAATACC-1-3,
ACATACGGTCCCGACA-1-3,
ACATACGGTCTCTCTG-1-3,
ACATACGTCCATGAGT-1-3,
ACATCAGAGAGACTTA-1-3,
ACATCAGCACACGCTG-1-3,
ACATCAGCATCACAAC-1-3,
ACATCAGGTAAATGTG-1-3,
ACATCAGTCCGTTGTC-1-3,
ACATCAGTCCTTGGTC-1-3,
ACATCAGTCTACCTGC-1-3,
ACATGGTCAAGGACTG-1-3,
ACATGGTCAGAAGCAC-1-3,
ACATGGTGTCATGCAT-1-3,
ACATGGTGTTAGGGTG-1-3,
ACCAGTAAGTGATCGG-1-3,
ACCAGTACACTACAGT-1-3,
ACCAGTAGTCATGCCG-1-3,
ACCAGTAGTGCGCTTG-1-3,
ACCAGTAGTTCGTTGA-1-3,
ACCAGTAGTTGGACCC-1-3,
ACCAGTATCGTTTAGG-1-3,
ACCCACTCATACCATG-1-3,
ACCCACTTCTGAGGGA-1-3,
ACCGTAACAAGGTTCT-1-3,Beta
ACCGTAAGTCTAGTGT-1-3,
ACCTTTAGTAGCACGA-1-3,
ACCTTTAGTCATATCG-1-3,
ACCTTTATCCGCTGTT-1-3,
ACCTTTATCCTGCAGG-1-3,
ACGAGCCAGTTCGCAT-1-3,
ACGAGCCCACCTTGTC-1-3,
ACGAGCCCAGTGGGAT-1-3,Alpha
ACGAGCCCATGAGCGA-1-3,Beta
ACGAGCCCATGCAATC-1-3,
ACGAGCCGTAGCGATG-1-3,
ACGAGGAAGTTACCCA-1-3,
ACGAGGACATGGTTGT-1-3,
ACGAGGATCAATCTCT-1-3,
ACGAGGATCATCACCC-1-3,
ACGAGGATCGCCGTGA-1-3,
ACGATACAGATGAGAG-1-3,
ACGATACAGGGTCGAT-1-3,
ACGATACAGTCATCCA-1-3,
ACGATACCACAGGCCT-1-3,Beta
ACGATACGTGAGGGAG-1-3,
ACGATACTCATTCACT-1-3,
ACGATACTCGCGCCAA-1-3,Alpha
ACGATGTGTCACTTCC-1-3,
ACGATGTGTCGCGGTT-1-3,
ACGATGTTCGCAGGCT-1-3,
ACGATGTTCTGCTGCT-1-3,
ACGCAGCCAATCCGAT-1-3,
ACGCAGCCATTCTCAT-1-3,
ACGCAGCGTAATCACC-1-3,
ACGCAGCGTCAACTGT-1-3,
ACGCAGCGTGGCTCCA-1-3,
ACGCAGCGTTCATGGT-1-3,
ACGCCAGAGGAACTGC-1-3,
ACGCCAGAGTGGACGT-1-3,
ACGCCAGCACCATCCT-1-3,
ACGCCAGGTTACAGAA-1-3,
ACGCCAGTCCCAAGTA-1-3,
ACGCCGAAGAGGGATA-1-3,
ACGCCGAAGCTTCGCG-1-3,
ACGCCGAAGGGTGTTG-1-3,
ACGCCGAGTTTGCATG-1-3,
ACGGCCAAGTGGACGT-1-3,
ACGGCCAGTCAAACTC-1-3,
ACGGCCAGTTGTCTTT-1-3,
ACGGCCAGTTTAAGCC-1-3,
ACGGGCTAGACTTGAA-1-3,
ACGGGTCAGATGGCGT-1-3,
ACGGGTCAGTGCTGCC-1-3,
ACGGGTCCATGATCCA-1-3,
ACGTCAAAGGTGTTAA-1-3,
ACGTCAAAGTGTCTCA-1-3,
ACGTCAAGTACAGTTC-1-3,
ACGTCAAGTCTAGCCG-1-3,
ACTATCTGTCAGGACA-1-3,
ACTATCTGTGTGACCC-1-3,
ACTATCTTCAAGATCC-1-3,
ACTATCTTCATGTAGC-1-3,
ACTATCTTCTGCTGTC-1-3,
ACTGAACAGAGTCTGG-1-3,
ACTGAACAGCGTAATA-1-3,
ACTGAACCACGTTGGC-1-3,
ACTGAACCATTCACTT-1-3,
ACTGAACTCTAGCACA-1-3,
ACTGAGTAGCGTTCCG-1-3,
ACTGAGTCATCCTAGA-1-3,
ACTGAGTGTAGCTAAA-1-3,
ACTGAGTGTCTTCAAG-1-3,
ACTGAGTTCAGCACAT-1-3,
ACTGAGTTCGCATGAT-1-3,
ACTGATGAGATCTGAA-1-3,
ACTGATGCAAGAGTCG-1-3,
ACTGATGCACATGACT-1-3,
ACTGATGCACTTGGAT-1-3,
ACTGATGCAGTATCTG-1-3,Beta
ACTGATGCATCAGTAC-1-3,
ACTGATGCATGGTCTA-1-3,Alpha
ACTGATGCATGTCTCC-1-3,
ACTGATGGTCCGACGT-1-3,
ACTGATGGTTCCTCCA-1-3,
ACTGATGTCCCTAACC-1-3,
ACTGATGTCTAGAGTC-1-3,
ACTGATGTCTGCGACG-1-3,
ACTGCTCAGGTGTTAA-1-3,
ACTGCTCAGTCTCCTC-1-3,
ACTGCTCAGTTACCCA-1-3,
ACTGCTCCAAGAAGAG-1-3,
ACTGCTCGTCCTAGCG-1-3,
ACTGCTCTCAGAGCTT-1-3,
ACTGTCCAGCAATCTC-1-3,
ACTGTCCAGGACTGGT-1-3,
ACTGTCCCACGTAAGG-1-3,
ACTGTCCCAGCTGTGC-1-3,
ACTGTCCCAGTTTACG-1-3,
ACTGTCCGTATATGGA-1-3,
ACTGTCCTCGCTAGCG-1-3,
ACTTACTAGAGGGCTT-1-3,
ACTTACTAGCCGGTAA-1-3,
ACTTACTCAATACGCT-1-3,
ACTTACTCAATCAGAA-1-3,
ACTTACTCACATGTGT-1-3,Beta
ACTTACTCACCGTTGG-1-3,
ACTTACTGTTTGGGCC-1-3,
ACTTACTTCCAATGGT-1-3,
ACTTGTTAGGCTCATT-1-3,
ACTTGTTAGTGAAGTT-1-3,
ACTTGTTAGTTAAGTG-1-3,Epsilon
ACTTGTTCATGGTCAT-1-3,
ACTTGTTTCACCCGAG-1-3,
ACTTGTTTCATATCGG-1-3,
ACTTGTTTCCATGAGT-1-3,
ACTTTCAAGACAAGCC-1-3,
ACTTTCAAGACACTAA-1-3,
ACTTTCAAGGTGATTA-1-3,
ACTTTCACAACTGCTA-1-3,
ACTTTCACAGTCACTA-1-3,
ACTTTCATCACAAACC-1-3,
ACTTTCATCAGAGCTT-1-3,
AGAATAGCAATCACAC-1-3,
AGAATAGCACGCTTTC-1-3,
AGAATAGGTAGTACCT-1-3,
AGAATAGGTCCGTTAA-1-3,
AGAATAGGTCTCTCTG-1-3,
AGACGTTAGAGTAAGG-1-3,
AGACGTTAGCCGATTT-1-3,
AGACGTTAGCTAGTCT-1-3,
AGACGTTCAATGGTCT-1-3,
AGACGTTCACCACGTG-1-3,
AGACGTTTCGAGCCCA-1-3,
AGAGCGAAGGAGCGTT-1-3,
AGAGCGAAGGAGTAGA-1-3,
AGAGCGACAGTAAGAT-1-3,Epsilon
AGAGCTTAGGTTACCT-1-3,
AGAGCTTCATTCGACA-1-3,
AGAGCTTTCTACTATC-1-3,
AGAGCTTTCTTGAGGT-1-3,
AGAGTGGAGGCGATAC-1-3,
AGAGTGGCACCTCGGA-1-3,
AGAGTGGGTCACCTAA-1-3,
AGAGTGGGTTCTGTTT-1-3,
AGAGTGGTCATTGCCC-1-3,
AGAGTGGTCGGCATCG-1-3,
AGATCTGCACCAGGTC-1-3,
AGATCTGGTTCGGCAC-1-3,
AGATCTGTCCGTCAAA-1-3,
AGATCTGTCGATCCCT-1-3,
AGATTGCAGTTCCACA-1-3,
AGATTGCCACAAGCCC-1-3,
AGATTGCCATTCCTGC-1-3,
AGATTGCGTGGTCCGT-1-3,
AGATTGCTCCAGTAGT-1-3,
AGCAGCCGTCAACATC-1-3,
AGCAGCCGTCGAACAG-1-3,
AGCAGCCGTCGCATCG-1-3,
AGCAGCCGTGTAACGG-1-3,
AGCAGCCTCTTCTGGC-1-3,
AGCATACCAATGCCAT-1-3,
AGCATACCACAGCCCA-1-3,
AGCATACGTCCGCTGA-1-3,
AGCATACGTCGCGAAA-1-3,
AGCATACGTGAAATCA-1-3,
AGCATACTCGTAGGTT-1-3,
AGCCTAAAGTTGTAGA-1-3,
AGCCTAAGTTCCATGA-1-3,
AGCGGTCCATAACCTG-1-3,
AGCGGTCGTACCGAGA-1-3,
AGCGGTCGTCGAATCT-1-3,
AGCGGTCTCAAAGACA-1-3,
AGCGGTCTCTAACTCT-1-3,
AGCGTATAGAATGTTG-1-3,
AGCGTATCACGAGGTA-1-3,
AGCGTATCATCTCCCA-1-3,
AGCGTATTCGTCTGCT-1-3,
AGCGTATTCTCGTATT-1-3,
AGCGTATTCTGCTGTC-1-3,
AGCGTCGCACAGGCCT-1-3,
AGCGTCGCACGCCAGT-1-3,
AGCTCCTCAAGAAGAG-1-3,
AGCTCCTCACTATCTT-1-3,Epsilon
AGCTCCTCAGTTTACG-1-3,
AGCTCCTGTAGAGTGC-1-3,
AGCTCCTTCAATACCG-1-3,
AGCTCCTTCATGTCCC-1-3,
AGCTCCTTCGCCCTTA-1-3,
AGCTCTCAGACATAAC-1-3,
AGCTCTCAGCGTGAGT-1-3,
AGCTCTCGTCGCTTCT-1-3,
AGCTCTCGTTCAGTAC-1-3,Delta
AGCTCTCTCCTGCTTG-1-3,
AGCTTGAAGACACGAC-1-3,
AGCTTGAAGAGTGACC-1-3,
AGCTTGACAATAGAGT-1-3,
AGCTTGACATCTATGG-1-3,
AGCTTGAGTCAAAGAT-1-3,
AGCTTGAGTGCAGTAG-1-3,
AGCTTGATCAACACGT-1-3,
AGCTTGATCTTGCCGT-1-3,
AGGCCACCAACTGCGC-1-3,
AGGCCACCACCACGTG-1-3,
AGGCCACCACGAAGCA-1-3,
AGGCCACCATGACATC-1-3,
AGGCCACCATGTCTCC-1-3,
AGGCCACGTAGAAAGG-1-3,
AGGCCACTCTCGAGTA-1-3,
AGGCCGTCACGGTGTC-1-3,
AGGCCGTGTACTCGCG-1-3,
AGGGAGTAGAGGTAGA-1-3,
AGGGAGTAGCTAGCCC-1-3,
AGGGAGTAGGTCATCT-1-3,Alpha
AGGGAGTCACCGAATT-1-3,
AGGGAGTCATGGTAGG-1-3,
AGGGAGTGTAATAGCA-1-3,
AGGGAGTGTCTTCTCG-1-3,
AGGGAGTGTGTAAGTA-1-3,
AGGGAGTTCACCACCT-1-3,
AGGGAGTTCCTCAATT-1-3,
AGGGAGTTCGGAGGTA-1-3,
AGGGATGAGCGTGAGT-1-3,
AGGGATGGTCGACTGC-1-3,
AGGGATGGTGACAAAT-1-3,
AGGGATGGTTAGGGTG-1-3,
AGGGATGTCGCATGAT-1-3,
AGGGATGTCGCATGGC-1-3,
AGGGTGAAGGTGCAAC-1-3,
AGGGTGACAGCGTTCG-1-3,
AGGGTGAGTCGCATAT-1-3,
AGGGTGAGTGCGAAAC-1-3,
AGGGTGATCCGCGGTA-1-3,
AGGTCATAGGCGCTCT-1-3,
AGGTCATCACTTCTGC-1-3,
AGGTCATCATTTCACT-1-3,
AGGTCATGTCCAGTAT-1-3,
AGGTCATGTCTCCCTA-1-3,
AGGTCATGTGCACTTA-1-3,
AGGTCATGTTTAGGAA-1-3,
AGGTCATTCTGGTATG-1-3,
AGGTCCGAGCGCTCCA-1-3,
AGGTCCGAGTTACCCA-1-3,
AGGTCCGCAATTCCTT-1-3,
AGGTCCGTCCCACTTG-1-3,
AGTAGTCAGCGTTCCG-1-3,
AGTAGTCCACATGACT-1-3,
AGTAGTCGTAGTGAAT-1-3,
AGTAGTCGTATCAGTC-1-3,
AGTAGTCGTCAGTGGA-1-3,
AGTAGTCGTCGCGTGT-1-3,
AGTAGTCGTGAGGGAG-1-3,
AGTAGTCTCACAACGT-1-3,
AGTCTTTAGTCTCGGC-1-3,
AGTCTTTCAAGCGCTC-1-3,
AGTCTTTCACGGACAA-1-3,
AGTCTTTGTCTAAACC-1-3,
AGTCTTTGTCTCGTTC-1-3,
AGTCTTTGTTACGGAG-1-3,
AGTCTTTGTTCGAATC-1-3,
AGTCTTTGTTTAGGAA-1-3,
AGTCTTTTCGTACGGC-1-3,
AGTGAGGAGGGAAACA-1-3,
AGTGAGGGTGGCGAAT-1-3,
AGTGAGGGTTATTCTC-1-3,
AGTGAGGTCTCCAACC-1-3,
AGTGAGGTCTGTTGAG-1-3,
AGTGGGAAGTACCGGA-1-3,
AGTGGGAAGTAGGCCA-1-3,
AGTGGGACAGGTCGTC-1-3,
AGTGGGACAGTATCTG-1-3,
AGTGGGAGTGGCAAAC-1-3,
AGTGGGAGTGGTCCGT-1-3,
AGTGGGATCAACTCTT-1-3,
AGTGTCAAGTACCGGA-1-3,
AGTGTCACACCAGGTC-1-3,
AGTGTCACATAGTAAG-1-3,Delta
AGTGTCATCCCTTGTG-1-3,
AGTGTCATCGCCGTGA-1-3,
AGTTGGTAGAGCCTAG-1-3,
AGTTGGTAGCGCCTCA-1-3,
AGTTGGTAGGAACTGC-1-3,
AGTTGGTCAAACAACA-1-3,
AGTTGGTGTCGCATCG-1-3,
AGTTGGTGTTGTCGCG-1-3,
AGTTGGTTCACATAGC-1-3,
ATAACGCCAAGGTTCT-1-3,
ATAACGCCACACTGCG-1-3,
ATAACGCCACCGCTAG-1-3,
ATAACGCTCGCCAAAT-1-3,
ATAACGCTCGGAGGTA-1-3,
ATAAGAGCAGTCTTCC-1-3,
ATAAGAGGTGCTAGCC-1-3,
ATAGACCAGCGTGTCC-1-3,
ATAGACCAGTGATCGG-1-3,
ATAGACCTCCGTAGTA-1-3,
ATAGACCTCTGATACG-1-3,
ATAGACCTCTTGAGAC-1-3,
ATCACGACAAGTACCT-1-3,
ATCACGACAGCCTATA-1-3,
ATCACGAGTGCACCAC-1-3,
ATCACGATCACGGTTA-1-3,
ATCACGATCAGGATCT-1-3,
ATCACGATCGGTCCGA-1-3,
ATCATCTAGATCCCGC-1-3,
ATCATCTAGATCCTGT-1-3,
ATCATCTAGGCCCTTG-1-3,
ATCATCTCACGTCTCT-1-3,
ATCATCTCAGCATGAG-1-3,
ATCATCTCATAAGACA-1-3,
ATCATCTGTAGGACAC-1-3,
ATCATCTGTGTTTGTG-1-3,
ATCATCTTCAGTCCCT-1-3,
ATCATGGAGAGTAAGG-1-3,
ATCATGGAGGAATGGA-1-3,
ATCATGGAGTACGTAA-1-3,
ATCATGGCAATAGCAA-1-3,
ATCATGGCAGCTGTGC-1-3,
ATCATGGGTATTCGTG-1-3,
ATCATGGGTCCGCTGA-1-3,
ATCATGGGTGATGTGG-1-3,
ATCATGGGTTCTCATT-1-3,Alpha
ATCCACCAGAGCCTAG-1-3,
ATCCACCCAGCTCGCA-1-3,
ATCCACCCAGTCTTCC-1-3,
ATCCACCTCATGCAAC-1-3,
ATCCACCTCCTTTCTC-1-3,
ATCCGAAAGATGTAAC-1-3,
ATCCGAAGTACACCGC-1-3,
ATCCGAAGTGTGCGTC-1-3,
ATCCGAATCAACTCTT-1-3,
ATCGAGTCAAGCGAGT-1-3,
ATCGAGTTCTACTTAC-1-3,
ATCTACTAGCTTTGGT-1-3,
ATCTACTCAGGGAGAG-1-3,
ATCTACTGTGAACCTT-1-3,
ATCTACTTCACCTTAT-1-3,
ATCTGCCCAATCCGAT-1-3,
ATCTGCCCACGTCTCT-1-3,
ATCTGCCCATGTTGAC-1-3,
ATCTGCCGTATTAGCC-1-3,
ATCTGCCGTCAGAAGC-1-3,
ATCTGCCGTCATATGC-1-3,
ATCTGCCTCACGCGGT-1-3,
ATCTGCCTCCACGAAT-1-3,
ATCTGCCTCCCTGACT-1-3,
ATCTGCCTCTGCAAGT-1-3,
ATGAGGGCAAGGTTTC-1-3,
ATGAGGGGTGGTACAG-1-3,
ATGAGGGGTTACGCGC-1-3,
ATGAGGGGTTCTGGTA-1-3,
ATGAGGGTCTTGACGA-1-3,
ATGCGATAGAAACGAG-1-3,
ATGCGATAGACCACGA-1-3,
ATGCGATTCGCGTAGC-1-3,
ATGCGATTCGTTACGA-1-3,
ATGGGAGAGGATGCGT-1-3,
ATGGGAGCAGCCTTGG-1-3,
ATGGGAGCAGCGATCC-1-3,
ATGGGAGCATGGATGG-1-3,
ATGTGTGAGCTTTGGT-1-3,
ATGTGTGAGGAATTAC-1-3,
ATGTGTGAGTACGCGA-1-3,
ATGTGTGAGTTTGCGT-1-3,
ATGTGTGCACAAGTAA-1-3,
ATGTGTGCACCGGAAA-1-3,
ATGTGTGCAGCGTCCA-1-3,
ATGTGTGCATGGGACA-1-3,
ATGTGTGTCAAAGACA-1-3,
ATGTGTGTCAACCATG-1-3,
ATTACTCAGATGGGTC-1-3,
ATTACTCTCTGCCAGG-1-3,Alpha
ATTATCCAGAAACCTA-1-3,
ATTATCCAGACCCACC-1-3,
ATTATCCAGAGATGAG-1-3,
ATTATCCAGGACATTA-1-3,
ATTATCCCAACTGCTA-1-3,
ATTATCCGTATAAACG-1-3,
ATTATCCTCCTTTACA-1-3,
ATTCTACCACGGTAAG-1-3,
ATTCTACGTTTAGGAA-1-3,
ATTCTACTCTAGCACA-1-3,
ATTGGACAGGCCCGTT-1-3,
ATTGGACAGTAATCCC-1-3,
ATTGGACGTTACGACT-1-3,
ATTGGTGAGAGCTGCA-1-3,
ATTGGTGCAGCGAACA-1-3,
ATTGGTGGTCTTCTCG-1-3,
ATTTCTGAGAAGATTC-1-3,
ATTTCTGCACTTCGAA-1-3,
ATTTCTGCATGCCTTC-1-3,Delta
ATTTCTGTCCCTGACT-1-3,
ATTTCTGTCCGGGTGT-1-3,
ATTTCTGTCGGCGCTA-1-3,
CAACCAAAGCGTTCCG-1-3,
CAACCAACAACCGCCA-1-3,
CAACCAACACCTCGTT-1-3,
CAACCAAGTATCAGTC-1-3,
CAACCTCAGCGTGAAC-1-3,
CAACCTCCATTACCTT-1-3,
CAACCTCGTCTAAACC-1-3,
CAACCTCTCTCTGTCG-1-3,
CAACTAGAGCAGGTCA-1-3,
CAACTAGCAAAGTGCG-1-3,
CAACTAGCAAGCCGTC-1-3,
CAACTAGTCTCTGAGA-1-3,
CAAGAAAAGACTAAGT-1-3,Alpha
CAAGAAAAGAGTACCG-1-3,
CAAGAAACACTAGTAC-1-3,
CAAGATCCATCGATTG-1-3,
CAAGATCGTACCCAAT-1-3,
CAAGATCTCTCAAGTG-1-3,
CAAGGCCAGACGACGT-1-3,
CAAGGCCCAAGAAAGG-1-3,Beta
CAAGGCCTCAGTGCAT-1-3,
CAAGGCCTCTCAACTT-1-3,
CAAGGCCTCTTACCTA-1-3,
CAAGTTGAGCAGATCG-1-3,
CAAGTTGAGGCCATAG-1-3,
CAAGTTGAGTACGATA-1-3,
CAAGTTGCAAGACGTG-1-3,
CAAGTTGGTGTGCCTG-1-3,
CAAGTTGTCAACACGT-1-3,
CAAGTTGTCGTCCGTT-1-3,
CAAGTTGTCTAACTGG-1-3,
CAAGTTGTCTGGTTCC-1-3,
CACAAACAGTAGCGGT-1-3,
CACAAACCACGAAAGC-1-3,
CACACAAAGCTCCCAG-1-3,
CACACAAGTTAAGAAC-1-3,
CACACCTCACGGATAG-1-3,
CACACCTCACTGCCAG-1-3,
CACACCTCATTGTGCA-1-3,
CACACCTGTACATGTC-1-3,
CACACCTGTCATGCAT-1-3,
CACACCTGTCGCTTTC-1-3,
CACACCTGTTATCCGA-1-3,
CACACCTTCGATCCCT-1-3,Beta
CACACCTTCGTAGGAG-1-3,Epsilon
CACACCTTCTGGCGTG-1-3,
CACACTCCATCTATGG-1-3,
CACACTCGTAGGGTAC-1-3,
CACAGGCCAAGGCTCC-1-3,
CACAGGCCACGTCAGC-1-3,
CACAGGCTCAAGATCC-1-3,
CACAGTACATCCGTGG-1-3,
CACAGTAGTGCACTTA-1-3,
CACATAGAGGGAAACA-1-3,
CACATAGTCATTGCGA-1-3,
CACATAGTCCATTCTA-1-3,
CACATAGTCCCTAACC-1-3,
CACATTTAGATTACCC-1-3,
CACATTTCAATCCGAT-1-3,
CACATTTGTATAGTAG-1-3,
CACATTTTCGAGGTAG-1-3,
CACCACTAGCGATCCC-1-3,
CACCACTCAATCTACG-1-3,
CACCACTCACCTCGTT-1-3,
CACCACTCACGAAATA-1-3,
CACCACTGTACAGTGG-1-3,
CACCACTGTGTGTGCC-1-3,
CACCAGGAGCGGCTTC-1-3,
CACCAGGAGTGTTGAA-1-3,
CACCAGGCATAAAGGT-1-3,
CACCAGGTCTCCGGTT-1-3,Delta
CACCTTGAGTCCTCCT-1-3,
CACCTTGTCGCGTTTC-1-3,
CACCTTGTCGTGGTCG-1-3,
CACTCCACATCGTCGG-1-3,
CACTCCATCAACACAC-1-3,
CACTCCATCCACGCAG-1-3,
CACTCCATCGCAAGCC-1-3,
CAGAATCAGTTGTAGA-1-3,
CAGAATCCACAAGCCC-1-3,
CAGAATCCACCCATGG-1-3,
CAGAATCCATCCCACT-1-3,
CAGAATCCATTGGGCC-1-3,
CAGAATCGTCATTAGC-1-3,
CAGAATCGTCGGCTCA-1-3,
CAGAATCGTGTAAGTA-1-3,
CAGAGAGAGGACCACA-1-3,
CAGAGAGGTACCGTTA-1-3,
CAGAGAGGTGTGAATA-1-3,Epsilon
CAGAGAGTCGGCCGAT-1-3,
CAGATCAAGAATGTGT-1-3,Epsilon
CAGATCAAGCTGTTCA-1-3,
CAGCAGCAGAGGTACC-1-3,
CAGCAGCAGCCCTAAT-1-3,
CAGCAGCGTACAGCAG-1-3,
CAGCATAAGACGACGT-1-3,
CAGCATAAGCCAACAG-1-3,
CAGCATAAGGAGTTGC-1-3,
CAGCATACACGAGGTA-1-3,
CAGCATAGTAATAGCA-1-3,
CAGCATAGTTGCGCAC-1-3,
CAGCATATCAAGATCC-1-3,
CAGCATATCTTAACCT-1-3,
CAGCCGAAGAATGTTG-1-3,
CAGCCGAAGCAATATG-1-3,
CAGCCGAGTAGCCTAT-1-3,
CAGCCGAGTGGTCCGT-1-3,
CAGCCGATCCTATTCA-1-3,
CAGCCGATCGTTTATC-1-3,
CAGCGACAGATCACGG-1-3,
CAGCGACAGGCACATG-1-3,
CAGCGACCACCGTTGG-1-3,
CAGCGACCATATGGTC-1-3,
CAGCGACTCATGCAAC-1-3,
CAGCGACTCCGCGCAA-1-3,
CAGCTAAAGAGTACAT-1-3,
CAGCTAAAGCGCTTAT-1-3,
CAGCTAAAGTTTCCTT-1-3,
CAGCTAACAGCTTAAC-1-3,
CAGCTAACATGCCTAA-1-3,
CAGCTAAGTACCGAGA-1-3,
CAGCTAAGTACGCACC-1-3,
CAGCTGGCAAAGAATC-1-3,
CAGCTGGCAAGTTGTC-1-3,
CAGCTGGGTCTAACGT-1-3,
CAGCTGGGTTCTCATT-1-3,
CAGCTGGTCGCCGTGA-1-3,
CAGGTGCAGCCAGGAT-1-3,
CAGGTGCAGCTTCGCG-1-3,
CAGGTGCCATCAGTCA-1-3,
CAGGTGCGTACAAGTA-1-3,
CAGGTGCTCCGCAGTG-1-3,
CAGTAACAGCCACCTG-1-3,
CAGTAACAGCTTCGCG-1-3,
CAGTAACAGTGGAGTC-1-3,
CAGTAACCAGGTCGTC-1-3,
CAGTAACCATACGCTA-1-3,
CAGTAACGTCGCCATG-1-3,
CAGTAACGTCTGATCA-1-3,
CAGTCCTAGCCGATTT-1-3,
CAGTCCTAGGTGGGTT-1-3,
CAGTCCTAGTCGTACT-1-3,Alpha
CAGTCCTCAGGGCATA-1-3,
CAGTCCTGTCGTGGCT-1-3,
CATATGGAGGCCCGTT-1-3,
CATATGGCATGCTAGT-1-3,
CATATGGGTGAAAGAG-1-3,
CATATGGGTTACTGAC-1-3,
CATATGGTCACAGTAC-1-3,
CATATTCGTTTGTGTG-1-3,
CATATTCTCAATCACG-1-3,
CATATTCTCCTGTAGA-1-3,
CATCAAGAGCTCCTTC-1-3,
CATCAAGAGGGTATCG-1-3,
CATCAAGAGGTAGCTG-1-3,
CATCAAGGTGGTCTCG-1-3,
CATCAAGGTTCGGCAC-1-3,
CATCAAGTCCGAAGAG-1-3,
CATCAGAAGAGGTTGC-1-3,
CATCAGAAGGCGATAC-1-3,
CATCAGAAGTGGTAAT-1-3,
CATCAGACATAACCTG-1-3,
CATCAGAGTCTCTTTA-1-3,
CATCAGAGTTCGCTAA-1-3,
CATCAGATCATCGCTC-1-3,
CATCCACCAAGAGGCT-1-3,
CATCCACCAGATGGGT-1-3,
CATCCACGTACCAGTT-1-3,
CATCCACGTACTCAAC-1-3,
CATCCACGTGAAGGCT-1-3,
CATCCACGTTACGACT-1-3,
CATCGAAAGACAAGCC-1-3,
CATCGAACACTACAGT-1-3,
CATCGAAGTACGAAAT-1-3,
CATCGAAGTAGCGTCC-1-3,Beta
CATCGAAGTCACACGC-1-3,
CATCGAAGTTAAGACA-1-3,
CATCGAAGTTTCCACC-1-3,
CATCGAATCGCCAGCA-1-3,
CATCGGGAGGCCCTTG-1-3,
CATCGGGCACGTTGGC-1-3,
CATCGGGTCATTTGGG-1-3,
CATCGGGTCTTCGGTC-1-3,
CATGACACAAAGTCAA-1-3,
CATGACACAACAACCT-1-3,
CATGACACAAGAAGAG-1-3,Delta
CATGACACACATGACT-1-3,
CATGACACACGTAAGG-1-3,
CATGACACATCGATTG-1-3,
CATGACAGTAGCTTGT-1-3,
CATGACAGTCATGCAT-1-3,
CATGACAGTTAAAGTG-1-3,
CATGACATCATGCATG-1-3,
CATGACATCGCCAGCA-1-3,
CATGCCTAGTGGTAGC-1-3,
CATGCCTCACCCATTC-1-3,
CATGCCTCACTTGGAT-1-3,
CATGCCTCAGTATGCT-1-3,
CATGCCTGTTCGTCTC-1-3,
CATGCCTTCCTGCAGG-1-3,
CATGCCTTCGCACTCT-1-3,
CATGGCGAGAAGGCCT-1-3,
CATGGCGAGCCCTAAT-1-3,
CATGGCGGTAGCACGA-1-3,
CATGGCGGTGACTCAT-1-3,
CATGGCGTCGACCAGC-1-3,
CATGGCGTCTTGTCAT-1-3,
CATTATCAGCTCCCAG-1-3,Delta
CATTATCAGGCTCAGA-1-3,
CATTATCGTCATATCG-1-3,
CATTATCGTGATAAGT-1-3,
CATTATCTCTGAAAGA-1-3,
CATTCGCAGTCAATAG-1-3,
CATTCGCCATCACAAC-1-3,
CATTCGCGTCAAACTC-1-3,
CATTCGCGTGCAGACA-1-3,
CATTCGCTCGCCTGAG-1-3,
CATTCGCTCGCTTGTC-1-3,
CATTCGCTCTGCTGCT-1-3,
CCAATCCAGAGACTTA-1-3,
CCAATCCAGTCTTGCA-1-3,
CCACCTAAGACTTGAA-1-3,
CCACCTACACATGGGA-1-3,
CCACCTACACTGAAGG-1-3,
CCACCTACAGACAAGC-1-3,
CCACCTACAGCTCGAC-1-3,Beta
CCACCTACAGTCGATT-1-3,
CCACCTATCGGAAACG-1-3,
CCACCTATCTAAGCCA-1-3,
CCACGGAAGATCCTGT-1-3,
CCACGGAAGCAATCTC-1-3,
CCACGGAAGGGTGTTG-1-3,
CCACGGAAGTCTCCTC-1-3,
CCACGGAGTCTAGTCA-1-3,
CCACGGAGTGACTCAT-1-3,
CCACGGATCAGTTGAC-1-3,
CCACTACAGAGCTGGT-1-3,
CCACTACAGGTGGGTT-1-3,
CCACTACAGTGTTTGC-1-3,
CCACTACCAACGCACC-1-3,
CCACTACCACAAGTAA-1-3,
CCACTACCATGTTGAC-1-3,
CCACTACGTTAAGAAC-1-3,
CCACTACTCAGCTCGG-1-3,
CCACTACTCTTTAGTC-1-3,
CCAGCGAAGTGTTGAA-1-3,
CCAGCGACAGACGTAG-1-3,
CCAGCGACAGGCTGAA-1-3,
CCAGCGAGTACCGTAT-1-3,
CCAGCGAGTTGCGTTA-1-3,
CCAGCGATCATTGCGA-1-3,
CCAGCGATCCTTGGTC-1-3,
CCAGCGATCTTACCTA-1-3,Delta
CCATGTCGTCGCGTGT-1-3,
CCATGTCGTCGGCTCA-1-3,
CCATGTCGTTTGCATG-1-3,
CCATGTCTCCGCATAA-1-3,
CCATGTCTCTCACATT-1-3,
CCATTCGCAAGAAGAG-1-3,
CCATTCGCAAGCCATT-1-3,
CCATTCGCAGATCCAT-1-3,
CCATTCGCAGGCAGTA-1-3,
CCATTCGGTAGTAGTA-1-3,
CCATTCGGTGCTAGCC-1-3,
CCATTCGGTTCCGTCT-1-3,
CCCAATCAGCTTATCG-1-3,
CCCAATCCAACTGGCC-1-3,
CCCAATCCATTGGCGC-1-3,
CCCAATCGTTCCACGG-1-3,
CCCAATCTCATCGGAT-1-3,
CCCAGTTAGCATCATC-1-3,
CCCAGTTAGCTCCTCT-1-3,
CCCAGTTAGGGCACTA-1-3,Epsilon
CCCAGTTGTCGTGGCT-1-3,Epsilon
CCCAGTTGTCTGCGGT-1-3,
CCCAGTTGTGCGCTTG-1-3,Beta
CCCAGTTTCAGCACAT-1-3,
CCCATACAGACTTTCG-1-3,
CCCATACCAGATTGCT-1-3,
CCCATACCATGCAACT-1-3,
CCCATACTCGTGGACC-1-3,
CCCTCCTAGACCCACC-1-3,
CCCTCCTTCGCATGAT-1-3,
CCGGGATAGAACAACT-1-3,
CCGGGATAGATCTGAA-1-3,
CCGGGATCAATCCGAT-1-3,
CCGGGATGTGTCAATC-1-3,
CCGGGATTCCGCGTTT-1-3,
CCGGGATTCGACAGCC-1-3,
CCGGTAGAGCTAACTC-1-3,
CCGGTAGCACCGCTAG-1-3,
CCGGTAGGTTGTCGCG-1-3,
CCGGTAGTCAGGATCT-1-3,
CCGGTAGTCGGCTTGG-1-3,
CCGGTAGTCTCTAGGA-1-3,
CCGTACTAGGAGTACC-1-3,
CCGTACTCAGCCTTGG-1-3,
CCGTACTGTACTTAGC-1-3,
CCGTACTGTCAGAAGC-1-3,
CCGTACTGTGCAACTT-1-3,
CCGTACTTCCTTGGTC-1-3,
CCGTACTTCGGCATCG-1-3,
CCGTACTTCTAACCGA-1-3,
CCGTGGACACGAAGCA-1-3,
CCGTGGACATAGAAAC-1-3,
CCGTGGACATTCCTGC-1-3,
CCGTGGATCTGTCTCG-1-3,
CCGTGGATCTTAGAGC-1-3,
CCGTTCAAGCTAAACA-1-3,
CCGTTCAAGGACCACA-1-3,
CCGTTCACACATGACT-1-3,
CCGTTCACAGCTGGCT-1-3,
CCGTTCACAGTAGAGC-1-3,
CCTAAAGCATAGGATA-1-3,
CCTAAAGGTGACGCCT-1-3,
CCTAAAGTCTGATTCT-1-3,
CCTACACAGATCCGAG-1-3,
CCTACACAGTACGTTC-1-3,
CCTACACCAGACGCCT-1-3,
CCTACACCATTATCTC-1-3,
CCTACACGTTCTCATT-1-3,
CCTACACTCTTTACAC-1-3,
CCTACCACACGGACAA-1-3,
CCTACCACACGTAAGG-1-3,
CCTACCACATCGATTG-1-3,
CCTACCAGTTGCTCCT-1-3,
CCTACCATCTGCCCTA-1-3,
CCTAGCTAGACAAAGG-1-3,
CCTAGCTAGGACATTA-1-3,
CCTAGCTCAGGTGCCT-1-3,
CCTAGCTCATATGAGA-1-3,
CCTAGCTGTGGCCCTA-1-3,
CCTAGCTTCGCAAGCC-1-3,
CCTATTACAGACAAGC-1-3,
CCTATTACATCCCATC-1-3,
CCTATTATCATCGCTC-1-3,
CCTCAGTAGCGTAATA-1-3,
CCTCAGTAGTGCGATG-1-3,
CCTCAGTCAGACACTT-1-3,
CCTCAGTGTGATAAGT-1-3,Delta
CCTCAGTGTTACCAGT-1-3,
CCTCAGTTCGCCATAA-1-3,
CCTCAGTTCTCACATT-1-3,Beta
CCTCTGACATCGGTTA-1-3,
CCTTACGCAAGGTGTG-1-3,
CCTTACGCAATGAAAC-1-3,
CCTTACGCACAACGCC-1-3,
CCTTACGCACGTTGGC-1-3,
CCTTCCCGTGATGCCC-1-3,
CCTTCCCTCGTCGTTC-1-3,
CCTTCCCTCTGATTCT-1-3,Epsilon
CCTTCGAAGATAGCAT-1-3,
CCTTCGAAGCTAGGCA-1-3,
CCTTCGAAGTACATGA-1-3,
CCTTCGATCACAGGCC-1-3,
CCTTCGATCTCCAACC-1-3,
CCTTTCTAGCCATCGC-1-3,
CCTTTCTGTTTGTTTC-1-3,
CCTTTCTTCTTCGAGA-1-3,
CGAACATAGATCTGAA-1-3,
CGAACATCAAGCGAGT-1-3,
CGAACATCAGCTGCAC-1-3,Delta
CGAACATGTCCAGTGC-1-3,
CGAACATGTCTTGCGG-1-3,
CGAACATTCGGAAACG-1-3,
CGAACATTCTCTTATG-1-3,
CGAATGTGTCTGGAGA-1-3,
CGAATGTGTTGTTTGG-1-3,
CGAATGTTCACCGGGT-1-3,
CGAATGTTCTTCATGT-1-3,
CGACCTTAGCTATGCT-1-3,
CGACCTTAGGCTAGAC-1-3,
CGACCTTAGTTAACGA-1-3,
CGACCTTCACACAGAG-1-3,
CGACCTTGTAGAAAGG-1-3,
CGACTTCAGGGTTTCT-1-3,
CGACTTCCACAACGTT-1-3,
CGACTTCCAGCTGCAC-1-3,
CGACTTCGTCTGCCAG-1-3,
CGACTTCGTGTGGTTT-1-3,
CGACTTCTCACGCGGT-1-3,
CGAGAAGAGGGTTCCC-1-3,
CGAGAAGCACTTACGA-1-3,
CGAGAAGGTCCGTCAG-1-3,
CGAGAAGTCGTTACAG-1-3,
CGAGAAGTCTATCGCC-1-3,
CGAGCACAGCGTGAAC-1-3,
CGAGCACAGGCAGGTT-1-3,
CGAGCACGTAGTAGTA-1-3,
CGAGCACGTGATAAGT-1-3,
CGAGCACTCGTTACAG-1-3,
CGAGCACTCTAACTCT-1-3,
CGAGCACTCTTCGAGA-1-3,
CGAGCACTCTTGCATT-1-3,
CGAGCCAAGGCATGTG-1-3,
CGAGCCAGTTCTCATT-1-3,
CGATCGGAGCTGCAAG-1-3,
CGATCGGCACGCCAGT-1-3,
CGATCGGCATCACCCT-1-3,
CGATCGGCATTGCGGC-1-3,
CGATCGGTCTTGCCGT-1-3,
CGATGGCCAACTGGCC-1-3,
CGATGGCGTCGCATAT-1-3,Delta
CGATGGCTCAACACAC-1-3,
CGATGGCTCAGTGTTG-1-3,
CGATGTAAGTTTAGGA-1-3,
CGATGTACAGATCCAT-1-3,Alpha
CGATGTAGTACTCTCC-1-3,
CGATGTAGTGGTACAG-1-3,
CGATTGAAGTCAAGGC-1-3,
CGATTGAAGTTAGCGG-1-3,
CGATTGACAGGCTGAA-1-3,
CGATTGAGTGATGTCT-1-3,
CGCCAAGCAAAGTCAA-1-3,
CGCCAAGGTTATTCTC-1-3,
CGCCAAGTCTAAGCCA-1-3,
CGCGGTAAGAGCTGGT-1-3,
CGCGGTAAGCTGCAAG-1-3,
CGCGGTAAGGTGCAAC-1-3,
CGCGGTACATTAGGCT-1-3,
CGCGTTTCAGTCTTCC-1-3,
CGCGTTTGTATTACCG-1-3,
CGCGTTTGTGAGTGAC-1-3,
CGCTATCAGGTGATAT-1-3,
CGCTATCTCGTTTAGG-1-3,
CGCTGGACACGGTAAG-1-3,
CGCTGGACATATGGTC-1-3,
CGCTGGAGTAATTGGA-1-3,
CGCTGGAGTTATTCTC-1-3,
CGCTGGAGTTGTGGCC-1-3,
CGCTGGATCGATGAGG-1-3,
CGCTGGATCTTTAGTC-1-3,
CGCTTCACAGACGCTC-1-3,
CGCTTCACAGATCGGA-1-3,
CGCTTCAGTTCACGGC-1-3,
CGCTTCATCTCTGTCG-1-3,
CGGACACAGACTCGGA-1-3,
CGGACACAGAGAGCTC-1-3,Beta
CGGACACCAGTGGGAT-1-3,
CGGACACTCGCGATCG-1-3,
CGGACACTCTATCCTA-1-3,
CGGACGTAGACACGAC-1-3,
CGGACGTAGACAGACC-1-3,
CGGACGTAGGCATGGT-1-3,
CGGACGTGTAGATTAG-1-3,
CGGACTGAGTTAGCGG-1-3,
CGGACTGCAGCCAATT-1-3,
CGGACTGCATCCCATC-1-3,
CGGACTGGTTTAGCTG-1-3,
CGGACTGTCACTCCTG-1-3,
CGGACTGTCCAACCAA-1-3,
CGGACTGTCGGACAAG-1-3,
CGGACTGTCTTGAGAC-1-3,
CGGAGCTAGATAGTCA-1-3,
CGGAGCTGTACATCCA-1-3,
CGGAGCTGTTACGGAG-1-3,
CGGAGTCAGTTTAGGA-1-3,Alpha
CGGAGTCCACAGCCCA-1-3,
CGGAGTCCAGCTCCGA-1-3,
CGGAGTCCATAAAGGT-1-3,
CGGAGTCCATAACCTG-1-3,
CGGAGTCGTCGAAAGC-1-3,
CGGAGTCTCCTCCTAG-1-3,
CGGCTAGAGGCACATG-1-3,
CGGCTAGCAGAAGCAC-1-3,
CGGCTAGCATTCCTCG-1-3,
CGGCTAGGTAACGACG-1-3,
CGGCTAGGTACTCGCG-1-3,
CGGCTAGGTGAAATCA-1-3,
CGGCTAGTCTTGACGA-1-3,
CGGGTCAAGCACACAG-1-3,
CGGGTCAAGGCGATAC-1-3,
CGGGTCAGTGTGCCTG-1-3,
CGGGTCAGTTAGTGGG-1-3,
CGGGTCATCGGCTACG-1-3,
CGGTTAAAGAATTCCC-1-3,
CGGTTAAAGACAAGCC-1-3,
CGGTTAAAGACAGGCT-1-3,
CGGTTAAAGTAGCGGT-1-3,
CGGTTAAGTCTAGCCG-1-3,
CGGTTAATCACCGGGT-1-3,
CGGTTAATCGAACGGA-1-3,
CGTAGCGAGACTGTAA-1-3,
CGTAGCGAGATATGGT-1-3,
CGTAGCGAGCTCCTTC-1-3,
CGTAGCGAGGCTCATT-1-3,Alpha
CGTAGCGCACTGCCAG-1-3,
CGTAGCGTCGGAAATA-1-3,
CGTAGGCCAACACCCG-1-3,
CGTAGGCCACAAGACG-1-3,
CGTAGGCCAGTACACT-1-3,
CGTCACTAGGTGCTAG-1-3,
CGTCACTCACGAAATA-1-3,
CGTCACTCAGTATAAG-1-3,
CGTCACTCATAGTAAG-1-3,
CGTCACTCATGCCCGA-1-3,
CGTCACTTCACTTATC-1-3,
CGTCACTTCTAACTCT-1-3,
CGTCAGGCAAACGCGA-1-3,
CGTCAGGCACAGTCGC-1-3,
CGTCAGGCATGGGAAC-1-3,
CGTCAGGGTTACCGAT-1-3,
CGTCAGGTCCGCAAGC-1-3,
CGTCAGGTCGTTTGCC-1-3,
CGTCCATCAGTCGTGC-1-3,
CGTCCATGTCACACGC-1-3,
CGTCCATGTCTAACGT-1-3,
CGTCCATTCGCGCCAA-1-3,
CGTCTACAGAGCTATA-1-3,
CGTCTACAGATGCGAC-1-3,
CGTCTACAGCAAATCA-1-3,
CGTCTACAGGGAGTAA-1-3,
CGTCTACCATGCTGGC-1-3,
CGTCTACGTGTGCCTG-1-3,
CGTCTACGTTTCCACC-1-3,
CGTCTACTCAGTCCCT-1-3,
CGTCTACTCCTAAGTG-1-3,
CGTCTACTCGATAGAA-1-3,
CGTCTACTCTCGATGA-1-3,
CGTGAGCAGGTGCTTT-1-3,
CGTGAGCTCAGCGATT-1-3,
CGTGAGCTCGATCCCT-1-3,
CGTGAGCTCTTCTGGC-1-3,
CGTGTAAAGAGCAATT-1-3,
CGTGTAAAGGGTCGAT-1-3,
CGTGTAAAGTACGTTC-1-3,
CGTGTAACATGGTCTA-1-3,
CGTGTAAGTCTTGATG-1-3,
CGTGTAAGTTAAGATG-1-3,
CGTGTAATCATTATCC-1-3,
CGTGTAATCGTTGACA-1-3,
CGTGTCTAGTGTCTCA-1-3,
CGTGTCTCAGAAGCAC-1-3,
CGTGTCTCATACTCTT-1-3,
CGTGTCTGTAGCGTCC-1-3,
CGTGTCTGTGACGCCT-1-3,
CGTGTCTTCACCGGGT-1-3,
CGTTAGACAGCTCCGA-1-3,
CGTTAGAGTAGGCTGA-1-3,
CGTTAGAGTCTACCTC-1-3,
CGTTAGATCAGTCAGT-1-3,
CGTTCTGAGAGCAATT-1-3,
CGTTCTGAGCCCAGCT-1-3,
CGTTCTGAGGACGAAA-1-3,
CGTTCTGGTAGGACAC-1-3,
CGTTCTGTCACAATGC-1-3,
CGTTCTGTCGATAGAA-1-3,
CGTTCTGTCGTACCGG-1-3,
CGTTCTGTCTGGAGCC-1-3,
CGTTGGGCAGGCGATA-1-3,
CGTTGGGCATACCATG-1-3,
CGTTGGGCATGCTAGT-1-3,
CGTTGGGGTTTAAGCC-1-3,
CGTTGGGTCGCAGGCT-1-3,
CGTTGGGTCGTACCGG-1-3,
CTAACTTAGAGGTACC-1-3,
CTAACTTAGATCACGG-1-3,
CTAACTTAGCAGGCTA-1-3,
CTAACTTCATCTGGTA-1-3,
CTAACTTGTAGGAGTC-1-3,
CTAACTTGTCGTCTTC-1-3,
CTAAGACAGACAAAGG-1-3,
CTAAGACAGCCACGCT-1-3,
CTAAGACAGGAGTTTA-1-3,
CTAAGACAGGCGCTCT-1-3,
CTAAGACGTACTCTCC-1-3,
CTAAGACGTATCAGTC-1-3,
CTAAGACTCACTCCTG-1-3,
CTAAGACTCTGCGGCA-1-3,
CTAATGGAGCCGGTAA-1-3,
CTAATGGCATGGTTGT-1-3,
CTACACCCATCAGTCA-1-3,Beta
CTACATTAGCACAGGT-1-3,
CTACATTCACCGTTGG-1-3,
CTACATTGTAGGCATG-1-3,
CTACATTGTCATGCAT-1-3,
CTACATTGTTACTGAC-1-3,
CTACGTCAGCACACAG-1-3,
CTACGTCAGCTAGCCC-1-3,
CTACGTCAGCTAGGCA-1-3,
CTACGTCAGTCTCGGC-1-3,
CTACGTCAGTTGAGAT-1-3,
CTACGTCGTTGATTCG-1-3,
CTAGAGTAGACTGGGT-1-3,
CTAGAGTAGGTAGCCA-1-3,
CTAGAGTGTATCACCA-1-3,
CTAGAGTGTCCGAACC-1-3,
CTAGCCTAGGAATGGA-1-3,
CTAGCCTAGTGAACGC-1-3,
CTAGCCTCACAACGCC-1-3,
CTAGCCTTCTGTGCAA-1-3,
CTAGTGACATTGAGCT-1-3,
CTAGTGAGTAGGGACT-1-3,
CTAGTGAGTTTGGCGC-1-3,
CTAGTGATCAAAGACA-1-3,
CTAGTGATCCCAGGTG-1-3,
CTCACACAGAGTACAT-1-3,
CTCACACAGGGATGGG-1-3,
CTCACACGTCACACGC-1-3,
CTCACACTCTGCTGTC-1-3,
CTCAGAACACTAGTAC-1-3,
CTCAGAACATAGGATA-1-3,
CTCAGAAGTACAGTTC-1-3,
CTCAGAATCAGGTTCA-1-3,
CTCAGAATCTTGAGAC-1-3,
CTCATTAAGAGCTGCA-1-3,
CTCATTACAAGGCTCC-1-3,
CTCATTACACGAGGTA-1-3,
CTCCTAGAGACGCAAC-1-3,
CTCCTAGAGAGTGACC-1-3,
CTCCTAGAGCGTCTAT-1-3,
CTCCTAGAGTAGATGT-1-3,
CTCCTAGCACAACGTT-1-3,
CTCCTAGGTGGTTTCA-1-3,
CTCCTAGTCAATACCG-1-3,
CTCGAAACAAGGTTCT-1-3,
CTCGAAAGTAAGAGGA-1-3,
CTCGAAAGTGGTGTAG-1-3,
CTCGAAATCCTGCCAT-1-3,
CTCGAAATCGCAAACT-1-3,
CTCGAGGAGTGGAGAA-1-3,
CTCGAGGCAAGTCTGT-1-3,
CTCGAGGGTAAGTAGT-1-3,
CTCGAGGTCCCTTGCA-1-3,
CTCGAGGTCTGTTGAG-1-3,
CTCGGAGAGAATGTGT-1-3,
CTCGGAGAGTCCCACG-1-3,
CTCGGAGGTCATTAGC-1-3,
CTCGGAGGTGAAGGCT-1-3,
CTCGGAGGTTGGACCC-1-3,
CTCGGAGTCATCGCTC-1-3,
CTCGGGAAGCGCCTTG-1-3,
CTCGGGACATTCACTT-1-3,
CTCGGGACATTGAGCT-1-3,
CTCGGGAGTAAAGTCA-1-3,Epsilon
CTCGGGAGTATTACCG-1-3,
CTCGTACCAGCCAGAA-1-3,
CTCGTACGTTGGTTTG-1-3,
CTCGTACTCATGCATG-1-3,
CTCGTACTCTGCGTAA-1-3,
CTCGTACTCTTTAGTC-1-3,
CTCGTCAAGAACAATC-1-3,
CTCGTCACACATTTCT-1-3,
CTCGTCACACTACAGT-1-3,
CTCGTCACAGCTGCTG-1-3,
CTCGTCAGTCACAAGG-1-3,
CTCTAATAGCGTTGCC-1-3,
CTCTAATAGCTAGCCC-1-3,
CTCTAATAGTTATCGC-1-3,
CTCTAATCATTGGCGC-1-3,
CTCTAATTCACCATAG-1-3,
CTCTAATTCAGCGACC-1-3,
CTCTACGCACTAAGTC-1-3,
CTCTGGTAGCAATCTC-1-3,
CTCTGGTCAAGACACG-1-3,Beta
CTCTGGTCAAGTTGTC-1-3,
CTCTGGTCAGGTCGTC-1-3,
CTCTGGTCAGTTCATG-1-3,
CTCTGGTGTCATCGGC-1-3,
CTCTGGTGTTCAGCGC-1-3,
CTGAAACAGGAGTAGA-1-3,Alpha
CTGAAACAGTATCGAA-1-3,
CTGAAACGTAAAGGAG-1-3,
CTGAAACGTAGCGCAA-1-3,
CTGAAACGTATGGTTC-1-3,Delta
CTGAAACGTTCCCTTG-1-3,
CTGAAACTCAAACCAC-1-3,
CTGAAACTCACGGTTA-1-3,
CTGAAACTCGATAGAA-1-3,
CTGAAACTCTGTTTGT-1-3,
CTGAAGTCAATGTAAG-1-3,
CTGAAGTCAGCTGGCT-1-3,
CTGAAGTGTTTGGGCC-1-3,
CTGAAGTTCAGCTGGC-1-3,
CTGAAGTTCATGTGGT-1-3,
CTGAAGTTCGATCCCT-1-3,
CTGAAGTTCTACCAGA-1-3,
CTGAAGTTCTGCGGCA-1-3,
CTGAAGTTCTTTAGGG-1-3,
CTGATAGAGCTGATAA-1-3,
CTGATCCCATGCTAGT-1-3,
CTGATCCGTAGTACCT-1-3,
CTGATCCGTCGACTAT-1-3,
CTGCCTATCTCTTATG-1-3,
CTGCGGAAGACTCGGA-1-3,
CTGCGGAAGTGAATTG-1-3,
CTGCGGACAGACTCGC-1-3,
CTGCGGACATTAGCCA-1-3,
CTGCGGATCCCTAACC-1-3,
CTGCGGATCTGGTTCC-1-3,
CTGCTGTAGACTGGGT-1-3,
CTGCTGTCAAAGCAAT-1-3,
CTGCTGTCACGAAACG-1-3,
CTGCTGTCACTTCTGC-1-3,Delta
CTGCTGTGTTATCACG-1-3,
CTGCTGTGTTGTGGCC-1-3,
CTGCTGTTCAGTGTTG-1-3,
CTGGTCTAGAGGTACC-1-3,Epsilon
CTGGTCTAGGATTCGG-1-3,
CTGGTCTAGGTGATTA-1-3,
CTGGTCTGTGTGAATA-1-3,
CTGGTCTTCGTTACAG-1-3,
CTGTGCTAGAAGATTC-1-3,
CTGTGCTAGAGTCTGG-1-3,
CTGTGCTAGTTGAGAT-1-3,
CTGTGCTCAGCTCCGA-1-3,
CTGTGCTCATTACCTT-1-3,
CTGTGCTGTCGCATAT-1-3,
CTGTGCTTCCGTAGGC-1-3,
CTGTGCTTCGGATGGA-1-3,
CTGTTTAAGTGCAAGC-1-3,
CTGTTTAGTAAATACG-1-3,
CTTAACTAGTTAACGA-1-3,
CTTAACTCACACCGAC-1-3,
CTTAACTGTCCGCTGA-1-3,
CTTAACTTCAGCTTAG-1-3,
CTTACCGAGACATAAC-1-3,
CTTACCGAGTCGTTTG-1-3,
CTTACCGTCTTTAGGG-1-3,
CTTAGGACACTCTGTC-1-3,
CTTAGGACATCTATGG-1-3,
CTTAGGATCAACGGGA-1-3,
CTTAGGATCACTCTTA-1-3,
CTTAGGATCCAGTAGT-1-3,
CTTCTCTAGTACTTGC-1-3,
CTTCTCTAGTCCGTAT-1-3,
CTTCTCTCAAGCGATG-1-3,Delta
CTTCTCTCAGCATACT-1-3,
CTTCTCTCATGCGCAC-1-3,Alpha
CTTCTCTGTCAGAGGT-1-3,
CTTGGCTCAAAGGAAG-1-3,
CTTGGCTCAGCCACCA-1-3,
CTTGGCTCATCCCACT-1-3,
CTTGGCTGTTAGAACA-1-3,
CTTTGCGAGACCACGA-1-3,
CTTTGCGAGATCACGG-1-3,
CTTTGCGAGGAATGGA-1-3,
CTTTGCGGTCGAATCT-1-3,
CTTTGCGTCCACGTGG-1-3,
CTTTGCGTCCAGAAGG-1-3,
GAAACTCAGAAACCTA-1-3,
GAAACTCAGGACAGCT-1-3,
GAAACTCAGTGGGATC-1-3,
GAAACTCGTATCACCA-1-3,
GAAATGACATCTACGA-1-3,
GAAATGATCGTCCGTT-1-3,
GAAATGATCTTCAACT-1-3,
GAACATCAGACTACAA-1-3,
GAACATCAGCAATATG-1-3,
GAACATCCACATGTGT-1-3,
GAACATCTCACAAACC-1-3,
GAACATCTCTTAACCT-1-3,
GAACCTAAGGGTGTTG-1-3,
GAACCTAAGGTGCACA-1-3,
GAACCTAAGTAGATGT-1-3,
GAACCTACAGCGATCC-1-3,
GAACCTAGTGCTGTAT-1-3,
GAACCTATCACTTATC-1-3,
GAACGGAAGACGCTTT-1-3,
GAACGGAAGGAGCGAG-1-3,
GAACGGAAGGTGGGTT-1-3,
GAACGGAAGTCAAGCG-1-3,
GAACGGACAAGGACAC-1-3,
GAACGGAGTAACGACG-1-3,
GAACGGATCTCTTGAT-1-3,
GAACGGATCTGCCAGG-1-3,
GAACGGATCTGCGGCA-1-3,
GAAGCAGGTCGCGAAA-1-3,
GAAGCAGGTCTAGAGG-1-3,
GAAGCAGTCTGCTTGC-1-3,
GAATAAGCACGAAATA-1-3,
GAATAAGCAGGAATCG-1-3,
GAATAAGTCATGCATG-1-3,
GAATAAGTCCTAGGGC-1-3,
GAATGAAAGAATGTGT-1-3,
GAATGAAAGGGTTTCT-1-3,Delta
GAATGAATCATCGGAT-1-3,
GAATGAATCCTGTAGA-1-3,
GACACGCAGTATGACA-1-3,
GACACGCAGTGAAGTT-1-3,
GACACGCCAACCGCCA-1-3,
GACACGCCAATCGAAA-1-3,
GACACGCCATGCTGGC-1-3,
GACACGCGTCAAAGAT-1-3,
GACACGCGTCTCGTTC-1-3,
GACACGCTCTGGTATG-1-3,
GACAGAGCACTGAAGG-1-3,
GACAGAGCAGTCAGAG-1-3,
GACAGAGGTTCGTGAT-1-3,
GACAGAGGTTGCGCAC-1-3,
GACAGAGTCTCTAGGA-1-3,
GACCAATAGAATGTGT-1-3,Beta
GACCAATCAGACGCCT-1-3,
GACCAATCAGTGACAG-1-3,
GACCAATGTAAGAGAG-1-3,
GACCAATGTTACCGAT-1-3,
GACCAATGTTATCCGA-1-3,
GACCAATGTTGGACCC-1-3,
GACCAATTCAACGGCC-1-3,
GACCAATTCTTGCAAG-1-3,
GACCTGGAGCGTGAAC-1-3,Alpha
GACCTGGGTAGAGCTG-1-3,
GACCTGGGTTCGTGAT-1-3,
GACGCGTAGACGCACA-1-3,
GACGCGTGTCGGCTCA-1-3,
GACGGCTCACCAGTTA-1-3,
GACGGCTCATCATCCC-1-3,
GACGGCTTCAACTCTT-1-3,
GACGTGCAGAGAGCTC-1-3,
GACGTGCAGCTGATAA-1-3,
GACGTGCGTCACCTAA-1-3,
GACGTGCTCCGGCACA-1-3,
GACGTGCTCTCGATGA-1-3,
GACGTTAAGACGCTTT-1-3,
GACGTTACACGCCAGT-1-3,
GACGTTACATCTCGCT-1-3,
GACGTTAGTGTGAATA-1-3,
GACGTTATCGGAGCAA-1-3,
GACTAACCAGGATTGG-1-3,
GACTAACCATGAGCGA-1-3,
GACTAACGTCATCCCT-1-3,
GACTAACGTTTCCACC-1-3,
GACTAACTCACTTCAT-1-3,
GACTACAAGCGAGAAA-1-3,
GACTACAAGCGTGTCC-1-3,
GACTACAAGGACGAAA-1-3,
GACTACAAGTTCGCGC-1-3,
GACTACAGTAGCACGA-1-3,
GACTACATCATCTGCC-1-3,
GACTACATCTGAGTGT-1-3,
GACTGCGAGAATCTCC-1-3,
GACTGCGGTCGCCATG-1-3,
GAGCAGAAGCCAGTTT-1-3,
GAGCAGAAGTGGAGTC-1-3,
GAGCAGACAAGTTCTG-1-3,
GAGCAGACAGCTTAAC-1-3,
GAGCAGACATCGGTTA-1-3,
GAGCAGAGTTTGCATG-1-3,
GAGCAGATCAACTCTT-1-3,
GAGCAGATCCGTTGCT-1-3,
GAGGTGAGTATGGTTC-1-3,
GAGGTGAGTCATTAGC-1-3,Delta
GAGGTGAGTCCGCTGA-1-3,
GAGGTGAGTGCGGTAA-1-3,
GAGGTGAGTTCCAACA-1-3,
GAGGTGATCAACGAAA-1-3,
GAGTCCGAGCGATGAC-1-3,
GAGTCCGAGTACGACG-1-3,
GAGTCCGCATAAGACA-1-3,
GAGTCCGGTACAGACG-1-3,
GAGTCCGGTCCTCTTG-1-3,
GAGTCCGGTCTAGGTT-1-3,
GATCAGTAGGATGCGT-1-3,
GATCAGTAGGTGATAT-1-3,
GATCAGTCACAGGAGT-1-3,
GATCAGTCACCTTGTC-1-3,
GATCAGTGTAACGACG-1-3,
GATCAGTTCCCGGATG-1-3,
GATCAGTTCGGCGCAT-1-3,
GATCGATAGAAAGTGG-1-3,
GATCGATAGATCCCGC-1-3,Delta
GATCGATAGGATGGTC-1-3,
GATCGATCAGCTGTGC-1-3,
GATCGATCAGTCGATT-1-3,Alpha
GATCGATCAGTGGGAT-1-3,
GATCGATGTAGCGATG-1-3,
GATCGATGTGCAACTT-1-3,
GATCGATGTTGTTTGG-1-3,
GATCGATTCAAGATCC-1-3,
GATCGATTCAGGCAAG-1-3,
GATCGCGAGCGTTGCC-1-3,Delta
GATCGCGCACCAGGCT-1-3,
GATCGCGTCTTTACGT-1-3,
GATCGTAAGTAGGTGC-1-3,
GATCGTAAGTGCAAGC-1-3,
GATCGTACAGGCGATA-1-3,
GATCGTAGTGATGTGG-1-3,
GATCTAGAGCTAGCCC-1-3,
GATCTAGAGTCGCCGT-1-3,
GATCTAGAGTTCCACA-1-3,
GATCTAGCATCACCCT-1-3,
GATCTAGGTCCAGTGC-1-3,
GATCTAGGTTAGTGGG-1-3,
GATCTAGGTTGAGTTC-1-3,
GATCTAGTCCTGTAGA-1-3,Alpha
GATCTAGTCTTGCAAG-1-3,
GATGAAAAGCTGCGAA-1-3,
GATGAAACAGGCTGAA-1-3,
GATGAGGAGAAACCTA-1-3,
GATGAGGAGTTTCCTT-1-3,
GATGAGGGTCGACTGC-1-3,
GATGCTAGTACGAAAT-1-3,
GATGCTAGTGTTAAGA-1-3,
GATGCTATCATATCGG-1-3,
GATGCTATCCCTCTTT-1-3,
GATTCAGAGCGATGAC-1-3,
GATTCAGAGTACGTTC-1-3,Alpha
GATTCAGCAGGTTTCA-1-3,
GATTCAGCATTGAGCT-1-3,
GATTCAGGTCCGACGT-1-3,
GATTCAGTCGCCAGCA-1-3,
GATTCAGTCGTCCAGG-1-3,
GCAAACTCACGAGAGT-1-3,Delta
GCAAACTCAGACAAAT-1-3,
GCAAACTTCCCTCAGT-1-3,
GCAAACTTCGGAATCT-1-3,
GCAAACTTCGGCTACG-1-3,
GCAATCAAGATGTTAG-1-3,
GCAATCACAGATTGCT-1-3,
GCAATCACAGCTGCTG-1-3,
GCAATCAGTGTTAAGA-1-3,
GCAATCATCCAAACAC-1-3,
GCACATACATTACGAC-1-3,
GCACATACATTGGTAC-1-3,
GCACATATCAAGCCTA-1-3,
GCACATATCACGGTTA-1-3,
GCACTCTCAGCGTCCA-1-3,Epsilon
GCACTCTGTCTGCAAT-1-3,
GCACTCTTCCGGCACA-1-3,
GCAGCCAAGCGGATCA-1-3,
GCAGCCACAGCGTTCG-1-3,
GCAGCCAGTCATTAGC-1-3,
GCAGCCATCGACCAGC-1-3,
GCAGTTACAAACCCAT-1-3,
GCAGTTACATTTCACT-1-3,
GCAGTTAGTTCCCTTG-1-3,
GCAGTTATCTTATCTG-1-3,
GCATACAAGCACGCCT-1-3,
GCATACACAATGCCAT-1-3,
GCATACAGTAAGTTCC-1-3,
GCATACAGTATCTGCA-1-3,
GCATGATAGCCTTGAT-1-3,
GCATGATCAAGCGAGT-1-3,
GCATGATCATGCATGT-1-3,
GCATGATGTCACTGGC-1-3,
GCATGATGTTTAGGAA-1-3,
GCATGATTCAGCACAT-1-3,
GCATGATTCGCCCTTA-1-3,
GCATGCGAGGAACTGC-1-3,
GCATGCGCACTAGTAC-1-3,
GCATGCGCAGCTCCGA-1-3,
GCATGCGGTAAGTGGC-1-3,
GCATGCGGTACAGACG-1-3,
GCATGCGTCCTCCTAG-1-3,Delta
GCATGTAAGAATCTCC-1-3,
GCATGTAAGCCACTAT-1-3,
GCATGTAAGCGTGTCC-1-3,Epsilon
GCATGTAAGCTGTCTA-1-3,
GCATGTACACTGCCAG-1-3,
GCATGTACACTTACGA-1-3,
GCATGTACATAAGACA-1-3,
GCATGTAGTTGCGCAC-1-3,
GCATGTATCACGATGT-1-3,
GCATGTATCGCCAGCA-1-3,
GCATGTATCGTGGACC-1-3,
GCCAAATCATTTGCTT-1-3,
GCCAAATGTAAACACA-1-3,
GCCAAATTCAACACCA-1-3,
GCCAAATTCAGTGTTG-1-3,
GCCTCTAAGAGTTGGC-1-3,
GCCTCTAAGCTAGTCT-1-3,
GCCTCTAAGGCAATTA-1-3,
GCCTCTAAGTCCGGTC-1-3,
GCCTCTAGTGACTACT-1-3,
GCGACCAAGTTGCAGG-1-3,
GCGACCACACGTTGGC-1-3,
GCGACCATCACCAGGC-1-3,
GCGAGAACACCTATCC-1-3,
GCGAGAAGTGGGTATG-1-3,
GCGAGAATCCGAATGT-1-3,
GCGCAACAGTGTACCT-1-3,
GCGCAACAGTTACGGG-1-3,
GCGCAACCAACACCTA-1-3,
GCGCAACCACCAGCAC-1-3,
GCGCAACGTCGAAAGC-1-3,
GCGCAACGTTTCGCTC-1-3,
GCGCAGTCACGAAACG-1-3,
GCGCAGTCATCCGTGG-1-3,
GCGCAGTGTACGCACC-1-3,
GCGCAGTGTGCTAGCC-1-3,
GCGCAGTGTTAGAACA-1-3,
GCGCAGTTCACCGGGT-1-3,
GCGCCAAAGCTCCTTC-1-3,
GCGCCAACAAACCCAT-1-3,
GCGCCAACAAATTGCC-1-3,Beta
GCGCCAACAATCAGAA-1-3,
GCGCCAACACCTCGGA-1-3,
GCGCCAAGTGCACGAA-1-3,
GCGCCAATCTTATCTG-1-3,
GCGCGATCAAATTGCC-1-3,
GCGCGATCACTAAGTC-1-3,
GCGCGATGTCCGAATT-1-3,Beta
GCGCGATGTGGCGAAT-1-3,
GCGCGATTCAAACCAC-1-3,
GCGCGATTCGCGTAGC-1-3,
GCGGGTTAGACTTGAA-1-3,
GCGGGTTCAAGTAATG-1-3,
GCGGGTTGTCAGTGGA-1-3,
GCTCCTAAGACTCGGA-1-3,
GCTCCTAAGAGTACCG-1-3,
GCTCCTAAGGGCATGT-1-3,
GCTCCTAGTGGTGTAG-1-3,
GCTCTGTAGCCACCTG-1-3,
GCTCTGTAGCGTGAGT-1-3,
GCTCTGTAGTGTACGG-1-3,
GCTCTGTGTCCATGAT-1-3,
GCTGCAGAGAAGAAGC-1-3,
GCTGCAGCATTCTCAT-1-3,
GCTGCAGGTCTCCACT-1-3,
GCTGCAGTCGAGCCCA-1-3,
GCTGCGAAGAACAACT-1-3,
GCTGCGAAGCTAGCCC-1-3,
GCTGCGAAGTATTGGA-1-3,
GCTGCGACACTGAAGG-1-3,
GCTGCGAGTCGTCTTC-1-3,
GCTGCGATCCCGGATG-1-3,
GCTGCGATCGGCTACG-1-3,
GCTGCGATCTAGCACA-1-3,
GCTGCTTAGATACACA-1-3,
GCTGCTTAGATCTGCT-1-3,
GCTGCTTAGTATCGAA-1-3,
GCTGCTTGTCACTTCC-1-3,
GCTGCTTTCCTCGCAT-1-3,
GCTGGGTCACGAGGTA-1-3,
GCTGGGTGTCATACTG-1-3,
GCTGGGTGTCTAGAGG-1-3,
GCTGGGTTCACATGCA-1-3,
GCTGGGTTCGCCATAA-1-3,
GCTTCCAAGACATAAC-1-3,Alpha
GCTTCCAAGTTAAGTG-1-3,
GCTTCCACACAGCCCA-1-3,
GCTTCCAGTAGCGTAG-1-3,
GCTTGAAAGAGGTAGA-1-3,
GCTTGAACATTTGCTT-1-3,
GCTTGAAGTAAGTAGT-1-3,
GCTTGAAGTATCACCA-1-3,
GCTTGAAGTCAACTGT-1-3,
GCTTGAAGTCTAAAGA-1-3,
GCTTGAATCCCTCAGT-1-3,
GGAAAGCAGGCATGGT-1-3,
GGAAAGCCAATGTAAG-1-3,
GGAAAGCGTAGTACCT-1-3,
GGAACTTAGGTTACCT-1-3,
GGAACTTCAAGCGAGT-1-3,
GGAATAAAGAGGGATA-1-3,
GGAATAAAGCTGCGAA-1-3,
GGAATAACATCCTAGA-1-3,
GGAATAAGTAAGAGAG-1-3,
GGAATAAGTAGCTAAA-1-3,
GGAATAAGTGAGGCTA-1-3,
GGACAAGAGTCCGGTC-1-3,
GGACAAGCAAGTTAAG-1-3,
GGACAAGCAATAAGCA-1-3,
GGACAAGGTGTGTGCC-1-3,
GGACAAGGTTACTGAC-1-3,
GGACAAGTCAAAGACA-1-3,
GGACAAGTCATAACCG-1-3,
GGACAAGTCCGCGGTA-1-3,
GGACAGAAGGCCGAAT-1-3,
GGACAGACAATCCAAC-1-3,
GGACAGACACCGAATT-1-3,
GGACAGAGTCAGCTAT-1-3,
GGACAGATCAGCATGT-1-3,
GGACAGATCAGGCGAA-1-3,
GGACAGATCCTTTCGG-1-3,
GGACATTGTCTCCCTA-1-3,
GGACATTGTGCGGTAA-1-3,
GGACGTCAGGGTGTTG-1-3,
GGACGTCCAAGAGTCG-1-3,
GGACGTCCACGCATCG-1-3,
GGACGTCCATGGATGG-1-3,
GGACGTCGTCAGAAGC-1-3,
GGACGTCGTCGAGATG-1-3,
GGACGTCGTCTAGGTT-1-3,
GGACGTCGTCTTGTCC-1-3,
GGAGCAAAGGGCATGT-1-3,
GGAGCAACAAGCGCTC-1-3,
GGAGCAACAGTCACTA-1-3,
GGAGCAACATCGATTG-1-3,
GGAGCAAGTATCACCA-1-3,
GGAGCAAGTTGATTGC-1-3,
GGAGCAATCATCGATG-1-3,
GGATGTTAGCTCTCGG-1-3,
GGATGTTAGTAAGTAC-1-3,
GGATGTTCACTGAAGG-1-3,
GGATGTTGTCTGGAGA-1-3,
GGATGTTGTGCAACGA-1-3,
GGATGTTGTTACGCGC-1-3,
GGATGTTTCAGAGGTG-1-3,
GGATGTTTCTGGCGAC-1-3,
GGATTACAGACATAAC-1-3,
GGATTACAGACTACAA-1-3,Alpha
GGATTACAGCCACTAT-1-3,Epsilon
GGATTACAGGTCGGAT-1-3,
GGATTACGTATCTGCA-1-3,
GGCAATTAGACTAGGC-1-3,
GGCAATTCACGGCTAC-1-3,
GGCAATTCAGACTCGC-1-3,
GGCAATTCATCTCCCA-1-3,
GGCAATTGTAGAGCTG-1-3,Beta
GGCAATTGTCCATCCT-1-3,
GGCAATTTCACATGCA-1-3,
GGCAATTTCATCGGAT-1-3,
GGCAATTTCCGAATGT-1-3,
GGCCGATGTCAAACTC-1-3,
GGCCGATTCACTCTTA-1-3,
GGCCGATTCAGAGACG-1-3,
GGCGACTCACAGCGTC-1-3,
GGCGACTGTAAGTTCC-1-3,
GGCGACTTCCACGAAT-1-3,
GGCGTGTCAACTGCTA-1-3,
GGCGTGTCACCAGGTC-1-3,
GGCGTGTCACCGATAT-1-3,
GGCGTGTCAGGAATCG-1-3,
GGCGTGTGTCCGACGT-1-3,
GGCGTGTTCAGCTTAG-1-3,
GGCGTGTTCGAGAGCA-1-3,
GGCGTGTTCGTGGGAA-1-3,
GGCGTGTTCTCGTATT-1-3,
GGCTCGAAGATCACGG-1-3,
GGCTCGAAGTGACTCT-1-3,Delta
GGCTCGACAGCTATTG-1-3,
GGCTCGACAGCTTCGG-1-3,
GGCTCGAGTCACCTAA-1-3,
GGCTCGAGTCGCTTCT-1-3,
GGCTCGATCATCGATG-1-3,
GGCTGGTAGTCACGCC-1-3,
GGCTGGTCAAGGTGTG-1-3,Alpha
GGCTGGTCATACCATG-1-3,
GGCTGGTGTGCTCTTC-1-3,
GGCTGGTTCATGCATG-1-3,
GGGAATGAGGAGCGAG-1-3,
GGGAATGCAAAGTGCG-1-3,
GGGAATGCAAGACGTG-1-3,
GGGAATGGTCGGCTCA-1-3,
GGGAATGTCACAAACC-1-3,
GGGAATGTCAGCATGT-1-3,
GGGAATGTCGACCAGC-1-3,
GGGACCTAGCTGCCCA-1-3,
GGGACCTAGTGCCAGA-1-3,
GGGACCTCACAGAGGT-1-3,
GGGACCTCACGCCAGT-1-3,
GGGACCTCACTGTCGG-1-3,
GGGACCTGTATGAAAC-1-3,
GGGACCTGTCAGCTAT-1-3,
GGGACCTGTTGGACCC-1-3,
GGGAGATAGATGTGGC-1-3,
GGGAGATAGCGAAGGG-1-3,
GGGAGATAGCGTTCCG-1-3,
GGGAGATAGTGACATA-1-3,
GGGAGATGTCTTCTCG-1-3,
GGGAGATGTTAAAGAC-1-3,
GGGAGATGTTCGCTAA-1-3,
GGGAGATGTTTGTGTG-1-3,
GGGATGAAGGATGCGT-1-3,
GGGATGAAGGGCATGT-1-3,
GGGATGAGTCTCACCT-1-3,Beta
GGGATGAGTCTGCGGT-1-3,
GGGATGAGTTGTGGAG-1-3,
GGGATGATCTGTCCGT-1-3,
GGGCACTAGGAGTTGC-1-3,
GGGCACTCAATGAAAC-1-3,
GGGCACTGTCTCCATC-1-3,
GGGCACTTCACGAAGG-1-3,
GGGCACTTCTGTCTCG-1-3,
GGGCATCCATTTCAGG-1-3,
GGGCATCGTGGTCTCG-1-3,
GGGTCTGAGATGTTAG-1-3,
GGGTCTGCACAGGCCT-1-3,
GGGTCTGCAGCAGTTT-1-3,Epsilon
GGGTCTGCATGAAGTA-1-3,
GGGTCTGTCATGTGGT-1-3,
GGGTCTGTCCATGAAC-1-3,
GGGTCTGTCTGCCCTA-1-3,
GGGTTGCGTACAAGTA-1-3,
GGGTTGCTCCCAGGTG-1-3,
GGTATTGGTACTCGCG-1-3,
GGTATTGGTTGATTGC-1-3,
GGTATTGTCAGGTTCA-1-3,
GGTGAAGAGCAGGTCA-1-3,
GGTGAAGAGGTAAACT-1-3,
GGTGAAGAGTTCGCAT-1-3,
GGTGCGTAGCGTCAAG-1-3,
GGTGCGTTCACAGTAC-1-3,
GGTGCGTTCACCGTAA-1-3,
GGTGCGTTCTGGTATG-1-3,
GGTGCGTTCTTGCAAG-1-3,
GGTGTTAAGAGCCCAA-1-3,
GGTGTTACACCTCGGA-1-3,
GGTGTTACATGTTGAC-1-3,
GTAACGTCAGCCTATA-1-3,
GTAACGTCATCGGAAG-1-3,
GTAACGTGTACCGGCT-1-3,
GTAACGTGTGCCTGCA-1-3,
GTAACGTTCAATCTCT-1-3,
GTAACGTTCCAGAGGA-1-3,
GTAACGTTCTTGAGAC-1-3,
GTAACTGAGCCGGTAA-1-3,
GTAACTGAGCGAGAAA-1-3,
GTAACTGAGGTGCTTT-1-3,
GTAACTGAGTGCTGCC-1-3,
GTAACTGGTCACTGGC-1-3,
GTACGTAAGCTTCGCG-1-3,
GTACGTAAGTCCCACG-1-3,
GTACGTACATCGATGT-1-3,
GTACGTAGTCTCTTTA-1-3,
GTACGTATCATATCGG-1-3,
GTACGTATCATTCACT-1-3,
GTACTCCCACAGGTTT-1-3,
GTACTCCCACGTCTCT-1-3,
GTACTCCCACTACAGT-1-3,
GTACTCCGTAGCGATG-1-3,
GTACTCCGTTAAGAAC-1-3,
GTACTCCTCCAACCAA-1-3,
GTACTCCTCTCTTATG-1-3,
GTACTTTAGATATGCA-1-3,
GTACTTTCAACGATCT-1-3,
GTACTTTCATGCATGT-1-3,
GTACTTTCATGCCCGA-1-3,
GTACTTTCATGGTCAT-1-3,
GTACTTTGTACCGTAT-1-3,Delta
GTACTTTGTATATGAG-1-3,Epsilon
GTACTTTTCAGTTCGA-1-3,Epsilon
GTACTTTTCCCTAATT-1-3,
GTACTTTTCGGCGCAT-1-3,
GTACTTTTCTTCGGTC-1-3,
GTAGGCCAGCTAACAA-1-3,
GTAGGCCCACTTCTGC-1-3,
GTAGGCCGTATGCTTG-1-3,
GTAGGCCGTCAATGTC-1-3,
GTAGGCCGTTACCAGT-1-3,
GTAGTCAAGCACGCCT-1-3,
GTAGTCACATCGATGT-1-3,
GTAGTCAGTACTCAAC-1-3,
GTAGTCAGTCCGACGT-1-3,
GTAGTCAGTCCGCTGA-1-3,
GTAGTCAGTGACGCCT-1-3,
GTAGTCAGTGCCTGTG-1-3,
GTATCTTAGATAGCAT-1-3,
GTATCTTCATCGATGT-1-3,
GTATCTTGTACTCAAC-1-3,
GTATCTTGTCGCGGTT-1-3,
GTATCTTTCGTGGACC-1-3,
GTATCTTTCTTTAGTC-1-3,
GTATTCTCATCTCGCT-1-3,
GTATTCTTCACTTACT-1-3,
GTATTCTTCTCTAAGG-1-3,Delta
GTCAAGTAGTATCGAA-1-3,Alpha
GTCAAGTCACACATGT-1-3,
GTCAAGTGTACGCACC-1-3,
GTCACAAAGAAACCTA-1-3,
GTCACAACACGTCTCT-1-3,
GTCACAAGTCGAGTTT-1-3,
GTCACAATCTGTCTAT-1-3,
GTCACGGAGCTATGCT-1-3,
GTCACGGAGTCCCACG-1-3,
GTCACGGCACTTCGAA-1-3,
GTCACGGCATACTACG-1-3,
GTCACGGCATCCGTGG-1-3,
GTCACGGTCACCGGGT-1-3,
GTCACGGTCTTGCCGT-1-3,
GTCATTTGTCGTCTTC-1-3,
GTCATTTGTGATGTCT-1-3,
GTCCTCAAGAAGGTGA-1-3,
GTCCTCAAGTTCGATC-1-3,
GTCCTCACAAGTAATG-1-3,
GTCCTCACACCACGTG-1-3,
GTCCTCACATGACATC-1-3,
GTCCTCATCATTTGGG-1-3,
GTCCTCATCTGGAGCC-1-3,
GTCGGGTCACGCCAGT-1-3,Alpha
GTCGGGTCAGGCTGAA-1-3,
GTCGGGTGTCTGCAAT-1-3,
GTCGGGTGTGCAACTT-1-3,
GTCGGGTGTTTGGCGC-1-3,
GTCGTAAAGGTGATTA-1-3,
GTCGTAAAGTTTAGGA-1-3,Epsilon
GTCGTAAGTGACTCAT-1-3,
GTCGTAATCAGCACAT-1-3,
GTCGTAATCCACTCCA-1-3,
GTCGTAATCGTTGACA-1-3,
GTCTCGTAGATCTGCT-1-3,
GTCTCGTAGGCTAGAC-1-3,
GTCTCGTCATAGTAAG-1-3,
GTCTCGTCATTCGACA-1-3,
GTCTCGTGTCCCTTGT-1-3,
GTCTCGTTCACTTCAT-1-3,
GTCTCGTTCCTAGGGC-1-3,
GTCTCGTTCTGCGTAA-1-3,
GTCTCGTTCTGTTGAG-1-3,
GTCTTCGAGCGTGAGT-1-3,
GTCTTCGAGGCACATG-1-3,
GTCTTCGCATGTAGTC-1-3,
GTCTTCGGTCAGAGGT-1-3,
GTCTTCGGTGACGCCT-1-3,
GTCTTCGGTTACAGAA-1-3,
GTCTTCGGTTTAAGCC-1-3,
GTCTTCGTCCGTTGCT-1-3,
GTCTTCGTCTACCAGA-1-3,
GTCTTCGTCTTTCCTC-1-3,
GTGAAGGTCAGGCCCA-1-3,
GTGAAGGTCTCTTATG-1-3,
GTGAAGGTCTTAACCT-1-3,
GTGCAGCAGCTAAGAT-1-3,
GTGCAGCAGCTATGCT-1-3,
GTGCAGCCACCTTGTC-1-3,
GTGCAGCTCATCGCTC-1-3,
GTGCAGCTCGTTTATC-1-3,
GTGCAGCTCTAAGCCA-1-3,
GTGCATAAGAACAATC-1-3,
GTGCATAGTCTCCATC-1-3,
GTGCATAGTTCAACCA-1-3,
GTGCATATCAAGGCTT-1-3,
GTGCATATCAGAGACG-1-3,
GTGCATATCTCCCTGA-1-3,
GTGCATATCTCGCATC-1-3,Beta
GTGCGGTAGTGAATTG-1-3,
GTGCGGTCAAAGCAAT-1-3,
GTGCGGTCACCGAATT-1-3,
GTGCGGTCAGCGTAAG-1-3,
GTGCGGTCATTTGCCC-1-3,
GTGCGGTGTCATCGGC-1-3,
GTGCGGTTCTGATTCT-1-3,
GTGCTTCAGAGGGATA-1-3,
GTGCTTCGTGAGGGTT-1-3,
GTGCTTCGTTGGTAAA-1-3,
GTGCTTCTCACGACTA-1-3,
GTGCTTCTCAGATAAG-1-3,
GTGGGTCAGAGCAATT-1-3,
GTGGGTCCACGAAAGC-1-3,
GTGGGTCCATAAAGGT-1-3,
GTGGGTCCATCGATTG-1-3,
GTGGGTCGTAAGTGGC-1-3,
GTGGGTCGTACTTCTT-1-3,
GTGGGTCGTAGGAGTC-1-3,
GTGGGTCGTCCAGTAT-1-3,
GTGGGTCTCCGAATGT-1-3,
GTGTGCGCAGCGATCC-1-3,
GTGTGCGCATGAGCGA-1-3,
GTGTGCGGTAGTACCT-1-3,
GTGTGCGGTCTCCACT-1-3,
GTGTGCGGTGGACGAT-1-3,
GTGTGCGGTGTAAGTA-1-3,
GTGTTAGAGAATTGTG-1-3,
GTGTTAGAGACTACAA-1-3,
GTGTTAGAGTTTCCTT-1-3,
GTGTTAGGTACCGAGA-1-3,
GTGTTAGGTCTCATCC-1-3,
GTGTTAGGTGAACCTT-1-3,
GTGTTAGTCGTAGATC-1-3,
GTTAAGCAGCTACCGC-1-3,
GTTAAGCAGGATTCGG-1-3,
GTTAAGCTCCGCATAA-1-3,
GTTAAGCTCCGCGTTT-1-3,
GTTACAGCAGATCGGA-1-3,
GTTACAGTCCGATATG-1-3,
GTTACAGTCTAGAGTC-1-3,
GTTACAGTCTTGAGAC-1-3,
GTTCATTAGAAGATTC-1-3,
GTTCATTAGAATGTGT-1-3,
GTTCATTAGGAGCGTT-1-3,
GTTCATTAGGCAGTCA-1-3,
GTTCATTGTCAACATC-1-3,
GTTCATTGTTCCAACA-1-3,Alpha
GTTCATTGTTGTACAC-1-3,
GTTCATTTCCGAACGC-1-3,
GTTCGGGAGGCAATTA-1-3,
GTTCTCGAGAATTCCC-1-3,
GTTCTCGCAAGAAAGG-1-3,
GTTCTCGCAAGTCTAC-1-3,
GTTCTCGCATCACGAT-1-3,
GTTCTCGCATGTAGTC-1-3,
GTTCTCGGTAAGTGTA-1-3,
GTTCTCGGTGTAAGTA-1-3,
GTTCTCGGTGTGCCTG-1-3,
GTTCTCGGTTTGTGTG-1-3,
GTTCTCGTCAGTTTGG-1-3,
GTTCTCGTCTACCAGA-1-3,
GTTCTCGTCTTACCGC-1-3,
GTTTCTAAGAAGATTC-1-3,
GTTTCTAAGATGTGGC-1-3,
GTTTCTACAGGACCCT-1-3,
GTTTCTAGTATCGCAT-1-3,
GTTTCTAGTCCTCTTG-1-3,Alpha
GTTTCTAGTGCTTCTC-1-3,
GTTTCTATCAACGGCC-1-3,
GTTTCTATCCAGGGCT-1-3,
GTTTCTATCGTTACGA-1-3,
TAAACCGAGGTCGGAT-1-3,
TAAACCGCACACATGT-1-3,
TAAGAGAAGCCAGAAC-1-3,
TAAGAGAAGCGATTCT-1-3,
TAAGAGACAGTAGAGC-1-3,
TAAGAGACATGGTCTA-1-3,Beta
TAAGAGATCGACCAGC-1-3,
TAAGAGATCTGCGACG-1-3,
TAAGCGTAGATCGATA-1-3,
TAAGCGTCAATGCCAT-1-3,
TAAGCGTGTTTGGGCC-1-3,Epsilon
TAAGCGTTCGAACTGT-1-3,
TAAGCGTTCGTAGGTT-1-3,
TAAGTGCCAATAGCAA-1-3,
TAAGTGCCAGATCTGT-1-3,
TAAGTGCGTCCGTCAG-1-3,
TAAGTGCTCCAAATGC-1-3,
TAAGTGCTCGCCTGAG-1-3,
TACACGAAGATCCCAT-1-3,
TACACGACAGCATGAG-1-3,
TACACGACATGTAGTC-1-3,
TACACGAGTGCAACTT-1-3,
TACAGTGAGCGTTTAC-1-3,Epsilon
TACAGTGCAAACGTGG-1-3,
TACAGTGCAATCTACG-1-3,
TACAGTGCACAGGCCT-1-3,
TACAGTGCACTCGACG-1-3,
TACAGTGCACTTCTGC-1-3,
TACAGTGGTAAACGCG-1-3,
TACAGTGGTCGAATCT-1-3,
TACAGTGTCCCTAACC-1-3,
TACAGTGTCGCTGATA-1-3,
TACCTATAGATCCGAG-1-3,
TACCTATCATTACGAC-1-3,
TACCTATGTCCAACTA-1-3,Delta
TACCTATGTCGGCTCA-1-3,
TACCTATGTTAAAGTG-1-3,
TACCTATTCGTTACGA-1-3,
TACCTTAAGATGTAAC-1-3,
TACCTTAGTCAGGACA-1-3,
TACCTTATCCGATATG-1-3,
TACCTTATCGGCGCAT-1-3,
TACCTTATCTCGCTTG-1-3,
TACGGATAGGCACATG-1-3,
TACGGATAGGCCCTCA-1-3,
TACGGATAGTTTAGGA-1-3,
TACGGATTCACGGTTA-1-3,
TACGGATTCCAAGTAC-1-3,
TACGGATTCTAACTCT-1-3,
TACGGGCAGCAAATCA-1-3,
TACGGGCAGCCAACAG-1-3,
TACGGGCCATATGCTG-1-3,
TACGGGCTCTATCCTA-1-3,
TACGGGCTCTTCGGTC-1-3,
TACGGTAAGCGGATCA-1-3,
TACGGTACACGGTAGA-1-3,
TACGGTAGTGTGCCTG-1-3,
TACGGTATCATGCTCC-1-3,
TACGGTATCCCATTTA-1-3,
TACGGTATCTTTCCTC-1-3,
TACTCATAGAAACCAT-1-3,
TACTCATAGACCTTTG-1-3,
TACTCATAGCCAACAG-1-3,
TACTCATAGGCCATAG-1-3,
TACTCATAGGTGTTAA-1-3,
TACTCATCAGATCCAT-1-3,
TACTCGCAGTAAGTAC-1-3,
TACTCGCCAGACAAGC-1-3,
TACTCGCCAGATCGGA-1-3,
TACTCGCGTCGGCATC-1-3,
TACTCGCTCTTCGGTC-1-3,
TACTTACCATGGGACA-1-3,
TACTTACGTGTGGCTC-1-3,
TACTTACGTTTCCACC-1-3,
TACTTGTAGACAAAGG-1-3,
TACTTGTGTGTATGGG-1-3,
TACTTGTGTTATGTGC-1-3,
TACTTGTTCGGAGGTA-1-3,
TAGACCAGTATATGGA-1-3,
TAGACCATCGTTGACA-1-3,
TAGACCATCTTATCTG-1-3,
TAGAGCTAGTGCCATT-1-3,
TAGAGCTTCCTCAACC-1-3,
TAGAGCTTCTCGCTTG-1-3,
TAGCCGGTCAATCACG-1-3,
TAGGCATCAAACCCAT-1-3,
TAGGCATCAGCATGAG-1-3,
TAGGCATGTATCGCAT-1-3,
TAGGCATGTCTGCAAT-1-3,
TAGGCATTCGTTGCCT-1-3,
TAGTGGTAGGACACCA-1-3,
TAGTGGTCATTCACTT-1-3,
TAGTGGTGTAAAGTCA-1-3,
TAGTGGTGTAGCAAAT-1-3,
TAGTGGTGTAGCGTAG-1-3,Epsilon
TAGTGGTTCACCTTAT-1-3,
TAGTGGTTCCTCAACC-1-3,
TAGTTGGCACGTAAGG-1-3,
TAGTTGGCAGCCTATA-1-3,
TAGTTGGCAGTAACGG-1-3,
TAGTTGGGTATAGTAG-1-3,
TAGTTGGTCTTGCAAG-1-3,
TATCAGGCACCAGTTA-1-3,
TATCAGGGTTCGAATC-1-3,
TATCAGGTCTTCGGTC-1-3,
TATCTCAAGTGTACTC-1-3,
TATCTCACACGCGAAA-1-3,
TATCTCACATTGTGCA-1-3,
TATGCCCAGAACAATC-1-3,
TATGCCCAGGGTATCG-1-3,
TATGCCCGTACCGTAT-1-3,
TATGCCCGTCTAGCCG-1-3,
TATGCCCTCTTCCTTC-1-3,
TATTACCAGATGGGTC-1-3,
TATTACCAGCTAGTCT-1-3,
TATTACCCAGTAGAGC-1-3,
TATTACCGTAAAGTCA-1-3,
TATTACCGTGGTCCGT-1-3,
TATTACCGTTGAGTTC-1-3,
TATTACCGTTTCCACC-1-3,
TATTACCGTTTGGGCC-1-3,
TATTACCTCGTTGCCT-1-3,
TCAACGACAAGGTTTC-1-3,
TCAACGAGTAGCGTAG-1-3,
TCAACGATCAACCATG-1-3,
TCAATCTCAGTGGGAT-1-3,
TCAATCTCATCCGCGA-1-3,
TCAATCTTCCCATTTA-1-3,
TCAATCTTCGAACGGA-1-3,
TCACAAGAGCATGGCA-1-3,
TCACAAGAGTGACATA-1-3,
TCACAAGCAACGATGG-1-3,
TCACAAGCACCGAAAG-1-3,
TCACAAGCAGACTCGC-1-3,
TCACAAGTCGTCGTTC-1-3,
TCACAAGTCTGGTTCC-1-3,
TCACGAAAGTGGCACA-1-3,
TCACGAACAGGCGATA-1-3,
TCACGAAGTCCGAGTC-1-3,
TCACGAATCCTATGTT-1-3,
TCAGATGAGACTTTCG-1-3,
TCAGATGCACGACGAA-1-3,Delta
TCAGATGCACTCGACG-1-3,
TCAGATGCATATACCG-1-3,
TCAGATGGTACACCGC-1-3,
TCAGATGGTAGATTAG-1-3,Beta
TCAGATGTCGTAGGAG-1-3,
TCAGCAAAGCCACGCT-1-3,
TCAGCAAAGCGATGAC-1-3,
TCAGCAAGTCACCCAG-1-3,
TCAGCAATCGCCGTGA-1-3,
TCAGCAATCTTTAGTC-1-3,
TCAGCTCAGGCTATCT-1-3,
TCAGCTCAGTGTGAAT-1-3,
TCAGGATGTTGGGACA-1-3,
TCAGGATTCCAGTAGT-1-3,
TCAGGATTCTGTCTAT-1-3,
TCAGGTAAGACCTAGG-1-3,
TCAGGTAAGCGTAATA-1-3,
TCAGGTAAGGCGTACA-1-3,
TCAGGTAAGTCCATAC-1-3,
TCAGGTACAAGGCTCC-1-3,
TCAGGTACACGGCCAT-1-3,
TCAGGTACAGTCACTA-1-3,Alpha
TCAGGTAGTTTGACAC-1-3,Epsilon
TCAGGTATCTGTCCGT-1-3,
TCATTACCATGCATGT-1-3,
TCATTACGTTGATTCG-1-3,
TCATTTGCATTGGCGC-1-3,
TCCACACAGAAACCAT-1-3,
TCCACACCAGGCGATA-1-3,
TCCACACGTATAGGTA-1-3,
TCCACACTCACGATGT-1-3,
TCCACACTCCCAAGAT-1-3,
TCCACACTCGGCTTGG-1-3,
TCCCGATAGGACAGCT-1-3,
TCCCGATAGTCGTTTG-1-3,
TCCCGATCAACGATGG-1-3,
TCCCGATCAGCATGAG-1-3,
TCCCGATCATGCTAGT-1-3,
TCCCGATGTTAAGACA-1-3,
TCGAGGCAGAACAATC-1-3,
TCGAGGCAGGCATGGT-1-3,
TCGAGGCAGGTGTGGT-1-3,
TCGAGGCAGTACTTGC-1-3,
TCGAGGCAGTTAACGA-1-3,
TCGAGGCCAATGGATA-1-3,
TCGAGGCTCCTTTACA-1-3,
TCGCGAGAGTACGCGA-1-3,
TCGCGAGAGTCCGTAT-1-3,
TCGCGAGAGTGTACTC-1-3,
TCGCGAGCAAACAACA-1-3,
TCGCGAGCACTTCTGC-1-3,
TCGCGAGGTCTCACCT-1-3,
TCGCGAGTCGACGGAA-1-3,
TCGCGTTCACAAGTAA-1-3,
TCGCGTTGTCTAACGT-1-3,
TCGCGTTTCGGAATCT-1-3,
TCGCGTTTCTCTGCTG-1-3,
TCGCGTTTCTGGGCCA-1-3,
TCGCGTTTCTTGCCGT-1-3,
TCGGGACAGAGAACAG-1-3,
TCGGGACAGATCGATA-1-3,
TCGGGACAGCGTTGCC-1-3,
TCGGGACAGGATATAC-1-3,
TCGGGACGTCATCGGC-1-3,
TCGGGACGTCTGCGGT-1-3,
TCGGGACTCCAGATCA-1-3,
TCGGTAAAGATTACCC-1-3,
TCGGTAACAGCCTTGG-1-3,
TCGGTAACAGGGTACA-1-3,
TCGGTAAGTGTGAAAT-1-3,
TCGGTAATCTGTTGAG-1-3,
TCGTACCAGCGTGAAC-1-3,
TCGTACCCACTGCCAG-1-3,
TCGTACCTCACTTACT-1-3,
TCGTAGATCTTTACGT-1-3,
TCTATTGAGAATAGGG-1-3,
TCTATTGAGAATCTCC-1-3,
TCTATTGAGGCTACGA-1-3,
TCTATTGCAATCCAAC-1-3,
TCTATTGCAGTAAGCG-1-3,
TCTATTGGTCTAGCCG-1-3,
TCTATTGGTGGTCCGT-1-3,
TCTATTGTCCTATTCA-1-3,
TCTATTGTCGAGAACG-1-3,
TCTATTGTCGTATCAG-1-3,
TCTATTGTCTAACTCT-1-3,
TCTCATAAGAATGTGT-1-3,
TCTCATAAGATGGCGT-1-3,
TCTCATAAGCAGATCG-1-3,
TCTCATACAAATTGCC-1-3,
TCTCATACAACGATGG-1-3,
TCTCATAGTGGACGAT-1-3,
TCTCATAGTTACCAGT-1-3,
TCTCATATCAACCATG-1-3,
TCTCATATCAGAGCTT-1-3,
TCTCATATCTAACGGT-1-3,
TCTCTAAAGACCGGAT-1-3,
TCTCTAAAGCTGGAAC-1-3,
TCTCTAACAATCAGAA-1-3,
TCTCTAACAATCCGAT-1-3,
TCTCTAAGTATATGAG-1-3,
TCTCTAATCAAAGACA-1-3,
TCTCTAATCATGGTCA-1-3,
TCTCTAATCCCAACGG-1-3,
TCTCTAATCCCTTGCA-1-3,
TCTCTAATCCTCAACC-1-3,
TCTGAGACAGCTCGCA-1-3,
TCTGAGAGTACCGTAT-1-3,
TCTGAGATCTGAGTGT-1-3,
TCTGAGATCTTGCAAG-1-3,
TCTGGAACACCTATCC-1-3,Beta
TCTGGAAGTCATCGGC-1-3,
TCTGGAAGTTCGTCTC-1-3,
TCTTCGGAGTAATCCC-1-3,
TCTTCGGCAGCGTAAG-1-3,
TCTTCGGCATGGTCAT-1-3,
TCTTCGGGTTATTCTC-1-3,
TCTTCGGGTTCGCTAA-1-3,
TCTTCGGTCTGCTTGC-1-3,
TCTTCGGTCTGGCGTG-1-3,Delta
TCTTTCCAGGATTCGG-1-3,
TCTTTCCCATGACGGA-1-3,
TCTTTCCGTGCAACTT-1-3,
TCTTTCCTCGTCTGCT-1-3,
TGAAAGAAGTGAACGC-1-3,
TGAAAGAAGTTTGCGT-1-3,
TGAAAGAGTCTAAAGA-1-3,
TGAAAGAGTTATCACG-1-3,
TGACAACCATAGGATA-1-3,
TGACAACCATGGTTGT-1-3,
TGACAACGTGATAAGT-1-3,
TGACAACGTTACCAGT-1-3,
TGACAACTCGCACTCT-1-3,
TGACGGCAGTATCTCG-1-3,
TGACGGCCATATGAGA-1-3,
TGACGGCGTCAGGACA-1-3,
TGACTAGGTGTATGGG-1-3,
TGACTAGTCCTATTCA-1-3,
TGACTTTAGCCAGAAC-1-3,
TGACTTTAGGTCATCT-1-3,
TGACTTTTCTGGCGAC-1-3,
TGAGAGGAGATCCCAT-1-3,
TGAGAGGAGCCAGGAT-1-3,Epsilon
TGAGAGGAGCCGTCGT-1-3,
TGAGAGGAGGCGATAC-1-3,
TGAGAGGAGGTAAACT-1-3,
TGAGAGGCAGGAACGT-1-3,
TGAGAGGTCATTGCCC-1-3,
TGAGCATCAAGCCGCT-1-3,
TGAGCATGTCTGGAGA-1-3,
TGAGCATGTGTAATGA-1-3,
TGAGCATGTTAAAGAC-1-3,
TGAGCCGCATGTCTCC-1-3,
TGAGCCGGTACCAGTT-1-3,
TGAGCCGTCCGCTGTT-1-3,
TGAGCCGTCCGTAGGC-1-3,
TGAGCCGTCGATAGAA-1-3,
TGAGCCGTCGTCACGG-1-3,
TGAGCCGTCTCTGAGA-1-3,
TGAGGGAAGAGTAAGG-1-3,
TGAGGGAAGCCGGTAA-1-3,
TGAGGGACAGGACCCT-1-3,
TGAGGGAGTCCGAACC-1-3,
TGATTTCAGTACGCCC-1-3,
TGATTTCAGTGGAGTC-1-3,
TGATTTCCAAATACAG-1-3,
TGATTTCCACAAGTAA-1-3,
TGATTTCGTGAGGGTT-1-3,Delta
TGCACCTAGAAGAAGC-1-3,
TGCACCTAGATAGTCA-1-3,
TGCACCTCACAGACAG-1-3,
TGCACCTTCGTTTGCC-1-3,
TGCCAAAAGCAATCTC-1-3,
TGCCAAAAGCGCTTAT-1-3,
TGCCAAACACGTTGGC-1-3,
TGCCAAACAGCTTAAC-1-3,
TGCCAAACATGACATC-1-3,
TGCCCATAGAGTAAGG-1-3,
TGCCCATAGTCGATAA-1-3,
TGCCCATCACTGTGTA-1-3,
TGCCCATCATTTGCCC-1-3,
TGCCCATGTCTCCATC-1-3,
TGCCCATGTGCCTGGT-1-3,
TGCCCTAAGTCCGGTC-1-3,
TGCCCTACACCCAGTG-1-3,
TGCCCTAGTATCGCAT-1-3,
TGCCCTATCATAAAGG-1-3,
TGCCCTATCCACGTTC-1-3,
TGCCCTATCCCACTTG-1-3,
TGCCCTATCGTTACAG-1-3,
TGCGCAGCAAGTTCTG-1-3,
TGCGCAGGTGCGAAAC-1-3,
TGCGCAGTCTAACTGG-1-3,
TGCGGGTAGACGCACA-1-3,
TGCGGGTAGGGTTCCC-1-3,
TGCGGGTCAATCGAAA-1-3,
TGCGGGTTCCACTCCA-1-3,
TGCGTGGAGGTAAACT-1-3,
TGCGTGGAGGTTCCTA-1-3,
TGCGTGGAGTACACCT-1-3,
TGCGTGGCAGTATAAG-1-3,
TGCGTGGCATCAGTAC-1-3,
TGCGTGGGTCCCTTGT-1-3,
TGCGTGGGTTACTGAC-1-3,
TGCGTGGTCTTTACGT-1-3,
TGCTACCAGACTAAGT-1-3,
TGCTACCAGTTTCCTT-1-3,
TGCTACCCAGGGCATA-1-3,
TGCTACCCATAAGACA-1-3,
TGCTACCGTAGTACCT-1-3,
TGCTACCGTAGTGAAT-1-3,
TGCTGCTAGGATGCGT-1-3,
TGCTGCTCACAGATTC-1-3,
TGGACGCAGATTACCC-1-3,
TGGACGCAGCGTCTAT-1-3,
TGGACGCAGCTGCAAG-1-3,
TGGACGCCACAACTGT-1-3,
TGGACGCGTATTCGTG-1-3,
TGGACGCGTCCGCTGA-1-3,
TGGACGCTCTTGTTTG-1-3,
TGGCCAGCAAGGACTG-1-3,Beta
TGGCCAGCAATGAAAC-1-3,
TGGCCAGCATATACCG-1-3,
TGGCCAGGTCGAATCT-1-3,
TGGCCAGTCTGCTGCT-1-3,
TGGCGCAGTCGACTAT-1-3,
TGGCGCATCACATAGC-1-3,
TGGCTGGAGCGTGTCC-1-3,
TGGCTGGCAGTGAGTG-1-3,
TGGCTGGCATGGGACA-1-3,
TGGCTGGGTACCCAAT-1-3,
TGGCTGGGTCGTCTTC-1-3,
TGGGAAGCACGTAAGG-1-3,
TGGGAAGGTCATGCAT-1-3,
TGGGAAGGTCTGATCA-1-3,Alpha
TGGGCGTAGTGAAGTT-1-3,
TGGGCGTAGTGTGAAT-1-3,
TGGGCGTGTCCCTACT-1-3,
TGGGCGTGTCGAGATG-1-3,
TGGGCGTGTCTGGTCG-1-3,Delta
TGGGCGTGTGTGCGTC-1-3,Alpha
TGGGCGTTCCTGTACC-1-3,
TGGTTAGAGTAGTGCG-1-3,
TGGTTAGCAATAGAGT-1-3,
TGGTTAGCAGTCGTGC-1-3,
TGGTTAGCATGTTCCC-1-3,
TGGTTAGGTAAGTGGC-1-3,
TGGTTAGTCACGAAGG-1-3,
TGGTTAGTCCTTGACC-1-3,
TGGTTCCCAATACGCT-1-3,
TGGTTCCGTCGAATCT-1-3,
TGGTTCCTCAACCATG-1-3,
TGTATTCAGAGGGCTT-1-3,Epsilon
TGTATTCAGTAATCCC-1-3,
TGTATTCCACCAACCG-1-3,
TGTATTCGTCGACTAT-1-3,
TGTATTCTCTATCCTA-1-3,
TGTCCCAAGCCAGAAC-1-3,
TGTCCCAAGTTTAGGA-1-3,
TGTCCCACACGGTAGA-1-3,
TGTCCCACATTATCTC-1-3,
TGTCCCAGTCCGTGAC-1-3,
TGTCCCAGTCTCGTTC-1-3,
TGTCCCATCAAAGTAG-1-3,
TGTCCCATCCTTGGTC-1-3,
TGTCCCATCTCTGCTG-1-3,
TGTGGTAAGAGGTTAT-1-3,
TGTGGTAAGTGGTCCC-1-3,
TGTGGTACACATCCGG-1-3,
TGTGGTACAGTAAGCG-1-3,
TGTGGTACAGTCGATT-1-3,
TGTGGTAGTGCCTGCA-1-3,
TGTGGTAGTTAGAACA-1-3,
TGTGGTATCCAGAAGG-1-3,
TGTGGTATCCAGTAGT-1-3,
TGTGTTTAGCAGGCTA-1-3,
TGTGTTTAGGAATGGA-1-3,
TGTGTTTGTAGATTAG-1-3,
TGTGTTTGTAGCCTCG-1-3,
TGTGTTTGTATATCCG-1-3,
TGTGTTTGTATGAATG-1-3,
TGTGTTTTCATTCACT-1-3,
TGTGTTTTCCCTCAGT-1-3,
TGTTCCGGTCAGTGGA-1-3,
TGTTCCGTCAAACCAC-1-3,
TGTTCCGTCATCGGAT-1-3,
TTAACTCCACGAGAGT-1-3,
TTAACTCCACGCCAGT-1-3,
TTAACTCCAGGATTGG-1-3,
TTAACTCGTAATCGTC-1-3,
TTAGGACAGATGGGTC-1-3,
TTAGGACAGGTCATCT-1-3,
TTAGGACCATCATCCC-1-3,
TTAGGACGTTCAGTAC-1-3,
TTAGGCAAGTATTGGA-1-3,
TTAGGCACAGCTGCTG-1-3,
TTAGGCACATAGAAAC-1-3,
TTAGGCAGTGTGAATA-1-3,
TTAGGCAGTTAAGAAC-1-3,
TTAGGCAGTTCCAACA-1-3,
TTAGGCAGTTTGTTGG-1-3,
TTAGGCATCCGGGTGT-1-3,
TTAGTTCTCCTCAACC-1-3,Epsilon
TTATGCTCACCCAGTG-1-3,
TTATGCTCACTACAGT-1-3,
TTATGCTGTCCGTCAG-1-3,
TTATGCTTCAACGAAA-1-3,
TTATGCTTCCAGTATG-1-3,
TTATGCTTCGTTTAGG-1-3,
TTCCCAGAGGATTCGG-1-3,
TTCCCAGAGTTACCCA-1-3,
TTCCCAGCAACACCCG-1-3,
TTCCCAGCAAGCCTAT-1-3,
TTCCCAGGTGTTAAGA-1-3,
TTCCCAGTCATAGCAC-1-3,
TTCGAAGAGGCGTACA-1-3,Beta
TTCGAAGAGTACGCCC-1-3,
TTCGAAGCATACTACG-1-3,
TTCGAAGGTGTTGGGA-1-3,
TTCGAAGTCAACGCTA-1-3,
TTCGGTCAGCTAGCCC-1-3,
TTCGGTCAGGGCATGT-1-3,
TTCGGTCGTATAGTAG-1-3,
TTCGGTCGTTATGCGT-1-3,
TTCGGTCTCGACCAGC-1-3,
TTCGGTCTCTTTAGGG-1-3,
TTCTACAAGATCGATA-1-3,
TTCTACAAGATGCCTT-1-3,
TTCTACAAGGCGATAC-1-3,
TTCTACACAGTCGATT-1-3,
TTCTACACATAAAGGT-1-3,
TTCTACAGTGTTGAGG-1-3,
TTCTACATCGACCAGC-1-3,
TTCTACATCGCTTAGA-1-3,
TTCTACATCTACTCAT-1-3,
TTCTCAAAGCCTATGT-1-3,
TTCTCAAAGTACGCGA-1-3,
TTCTCAACAATAGAGT-1-3,
TTCTCAACATTTGCCC-1-3,Epsilon
TTCTCAAGTGTGAAAT-1-3,
TTCTCAATCACTCCTG-1-3,
TTCTCAATCAGAAATG-1-3,Delta
TTCTCCTAGAGAGCTC-1-3,
TTCTCCTAGGGATGGG-1-3,
TTCTCCTAGTCCATAC-1-3,
TTCTCCTTCTGTTTGT-1-3,
TTCTTAGAGGCCGAAT-1-3,
TTCTTAGTCAGTGTTG-1-3,
TTCTTAGTCCGTTGCT-1-3,
TTCTTAGTCGCAGGCT-1-3,
TTCTTAGTCGGCGCTA-1-3,
TTGAACGAGAGCAATT-1-3,
TTGAACGAGGAATCGC-1-3,
TTGAACGAGGAGTTTA-1-3,
TTGAACGGTGAGGGAG-1-3,
TTGAACGTCATCGATG-1-3,
TTGAACGTCTGGTTCC-1-3,
TTGAACGTCTTTAGTC-1-3,
TTGACTTAGGTGCTAG-1-3,
TTGACTTCAATGGACG-1-3,
TTGACTTGTTCCATGA-1-3,
TTGACTTTCACCGGGT-1-3,
TTGACTTTCAGCCTAA-1-3,
TTGACTTTCTAAGCCA-1-3,
TTGACTTTCTGGAGCC-1-3,
TTGCCGTAGCCAGTTT-1-3,Alpha
TTGCCGTCACCGAATT-1-3,
TTGCCGTCACGACGAA-1-3,
TTGCCGTTCGGATGTT-1-3,
TTGCGTCCACCGATAT-1-3,
TTGCGTCCAGCTGCAC-1-3,
TTGCGTCCATACCATG-1-3,
TTGCGTCGTATAAACG-1-3,
TTGGAACAGAAGATTC-1-3,
TTGGAACAGTAGGCCA-1-3,
TTGGAACGTATATGAG-1-3,
TTGGAACGTCAGTGGA-1-3,
TTGGAACGTCCGTTAA-1-3,
TTGGCAAAGAACTGTA-1-3,
TTGGCAAAGAGTAAGG-1-3,
TTGGCAAAGCTTATCG-1-3,
TTGGCAACACAGCCCA-1-3,
TTGGCAACATCATCCC-1-3,Epsilon
TTGGCAATCGGATGGA-1-3,
TTGGCAATCTCGTTTA-1-3,
TTGGCAATCTCTGCTG-1-3,
TTGTAGGCACTGTTAG-1-3,
TTGTAGGGTTACGGAG-1-3,
TTGTAGGGTTGTTTGG-1-3,
TTGTAGGTCAAAGTAG-1-3,
TTGTAGGTCCAAATGC-1-3,
TTTACTGCACGGTAGA-1-3,
TTTACTGCAGCATACT-1-3,
TTTACTGGTTCGTTGA-1-3,
TTTACTGTCAGGCGAA-1-3,
TTTATGCAGCGTCTAT-1-3,
TTTATGCAGGTTACCT-1-3,
TTTATGCGTGCAACTT-1-3,
TTTATGCTCTCTGCTG-1-3,
TTTCCTCAGGGCTCTC-1-3,
TTTCCTCAGTGTCCCG-1-3,Beta
TTTCCTCCAGGATCGA-1-3,Delta
TTTCCTCGTGGCGAAT-1-3,
TTTGCGCAGCAACGGT-1-3,
TTTGCGCTCACTTACT-1-3,
TTTGCGCTCGCCTGTT-1-3,
TTTGCGCTCTTCCTTC-1-3,
TTTGGTTAGACAGGCT-1-3,
TTTGGTTCAAATTGCC-1-3,Beta
TTTGGTTCACGAAGCA-1-3,
TTTGGTTTCCTTTCGG-1-3,
TTTGTCAAGAATGTGT-1-3,
TTTGTCAAGTGACATA-1-3,
TTTGTCATCGAATGCT-1-3,
TTTGTCATCTGTTTGT-1-3,
